0.0821407580007577,-0.037439399451575,0.18547671698021,-0.160254716816987,-0.29847633488198,0.0624983679230627,0.0480908931272939,0.0614479071337133,0.425076377270521,-0.115679984349335,-0.317796847491078,-0.0107530760911941,-0.214869394052159,-0.00867177550250686,-0.117395261563078,-0.111490394318677,0.124764301195811
-0.0428330676301978,-0.0472619091606154,0.115143824982793,-0.236198997173187,-0.207091153441081,-0.0858048297455125,-0.0217688542283834,0.0219500072862608,0.343448567382133,-0.181805669077712,-0.326351987476779,-0.0964243943297595,-0.315105818645832,-0.132252961345259,-0.159633884783806,-0.0361194849710611,0.177278207744739
0.0893165934122802,0.154819039201068,0.145530584276779,-0.169840959299715,-0.350047741522032,-0.130196724983062,-0.00744074891828775,0.137216706663466,0.441960472465621,-0.0803933751168799,-0.238055692971767,-0.0392017522604668,-0.169492504456772,0.0338872146868409,0.092342114980066,0.0951805215061118,0.071070570727889
-0.191699443639973,-0.206625761010284,-0.0410251373102496,-0.300208742615498,-0.40261940246969,-0.10378080217662,-0.067859424780561,-0.0986090578121698,0.258700789337652,-0.139605530804223,-0.181437098180681,-0.0578428599449924,-0.0748654445447307,-0.0761781460110524,-0.0751339732860615,0.077253056193512,-0.145127553390322
0.00735342270390914,0.0726429628857486,-0.222932590134946,-0.169493834257765,-0.0630499137122102,0.0819223030916275,0.06874157821005,0.0225390555755904,-0.753475721838961,-0.0527460326532803,-0.0253206071434975,0.0196662584131255,0.0345158770976254,0.146141428682569,-0.0266556630229461,0.265681290011022,0.145230880222536
0.00465843510071298,-0.00720501636991024,0.166770519160566,-0.0888709421042121,-0.241383720073452,-0.109850675987256,-0.0276967009370839,0.120001843207864,0.365586919218447,-0.145983599869012,-0.33173271625121,-0.0765716257117433,-0.278905944846665,-0.09145749124692,-0.0136649645579901,-0.0922618749380806,-0.154031038248906
0.258109812355055,0.249622655891517,-0.287936865626169,0.0638432695853184,0.152718854638798,0.176692629299072,0.204634368738407,0.164950720925626,-0.88671938683006,0.0757378078906712,0.302459274386324,0.0796947481072867,0.233342064757265,0.181031353499969,0.12982258370957,0.101911330961966,-0.00625549064469572
NA,NA,NA,NA,NA,NA,NA,NA,NA,NA,NA,NA,NA,NA,NA,NA,NA
-0.102122854614497,-0.0314724285635307,0.165282522257288,-0.235627363961781,-0.0781276228859933,0.0185254512651147,0.0559680868630134,0.081048298170275,0.322260111630486,-0.131718698544451,-0.125706797025509,-0.0352204635481804,0.0513949908316005,0.0458541683234027,0.00102157505526913,-0.0121053997794654,0.0372713491175194
0.0887834758436942,0.126170490044671,0.00611688310773518,-0.275007913172982,-0.455461174419187,0.042683217509891,-0.0265350560911648,0.0023560290507797,0.469240327431036,-0.105543593117866,-0.357939754572057,-0.0457465493205919,-0.191964595855848,-0.0611769019535615,0.0488919597096128,-0.021106191064363,-0.00926864686256279
0.114143407798495,0.0791875057576678,-0.258719518166732,-0.153893361207421,0.0245399313180247,0.0819794008801199,0.00683184553651744,0.0182851225949613,-0.176454150637315,0.0493983504209595,0.157806713876199,0.0331400091581513,0.131654335311629,-0.131464304860049,0.0318523486471258,-0.123572564065274,0.0645086928201962
-0.0932416535384705,-0.203829280186645,-0.149673321255769,-0.17900237788508,0.0466264580444183,-0.0442034885365922,0.00203727350001516,0.0284070647471819,-0.149778479680662,0.0854983130484219,0.26779447215682,-0.00360090825347646,0.0767296175606222,-0.100180799298379,0.0499552771855352,-0.155614878257275,-0.0209033111342064
0.116331572816341,0.0207040650252343,-0.231878338291177,-0.172814778944254,-0.207896945896412,0.0407535302558287,0.0324484156072018,0.0306272925887554,-0.775192771661318,-0.0833932324453594,-0.0690075289276128,-0.0253542253985318,-0.0303204347382837,0.0908426940940425,-0.0459590956589748,0.102986821759938,0.0842776113855148
0.156731574544226,0.157532873771436,-0.212315481968992,-0.0524074890849472,-0.09919764343602,0.103059112836709,0.102034577526619,0.0396832693210161,-0.756899415410699,-0.029196487476722,-0.0582409343170324,0.0421466985370185,0.0245037961084837,0.17306589421451,-0.0758657661131166,0.211996190078142,0.134693905297783
0.144715548351487,0.195663880966666,0.0717864730317134,-0.301902233970678,-0.17144793925601,0.108315779810291,0.0748808197886857,0.0488124958172175,0.297399513815878,-0.097646865507774,-0.000788187047805956,0.0475006796736125,0.140265293881714,0.00380367709929032,0.0622034988164315,0.262780329458711,-0.0494791999903613
-0.017693505228198,-0.108394743426488,0.0653063750552526,-0.0541802786657236,-0.048220371922717,0.0916019917269578,0.0412626823943559,0.0576523218939261,0.293093188675303,-0.103013735420549,-0.158607184771858,-0.0680577548165236,-0.126808862135444,0.0172352185873306,0.107215027357159,-0.210310374960774,-0.187498961302775
-0.0281464923914735,-0.125831619645545,-0.0735203996450315,0.00675913041778479,-0.0354348109887091,-0.054845593786864,-0.027857221007496,-0.0505546585561822,0.0213025452721034,0.121666764030143,0.0102675767442638,0.0453902709301965,0.00381634476171202,0.0333274914077545,-0.0136260630795087,-0.24120497320266,0.0707517793428291
-0.0521919253948027,-0.105799717553034,-0.166462173862975,0.126704039192779,0.125543155283356,0.0311055765855651,0.0470347159519405,-0.11425547232858,-0.135200378352108,0.207376207701793,0.24508222172499,-0.00303775907418441,0.0499261653481808,0.0335475865464144,-0.0409984531079507,-0.0385399376935215,-0.21041562586814
-0.0634417707871385,0.0488276829707209,0.0165127647264224,-0.392880584208174,-0.129557219727272,0.0513060105059097,-0.0049761404282026,0.0157179592338901,0.226840417772761,-0.223758230616732,-0.15853425692442,-0.0837112182046805,-0.109194899989627,-0.20954944322551,-0.0523436945391751,-0.0822940452016035,-0.0940934692278969
-0.2032965978421,-0.222655853759166,-0.0194916332798634,-0.499543819201387,-0.811976097149081,-0.185562392164416,-0.0853580741142721,-0.0969332964297459,0.296596000339266,-0.284581911733285,-0.479162426954793,-0.20379312142059,-0.472444711358451,-0.131872441542162,-0.0120984416734223,-0.0957999954056145,0.136049093330438
-0.238660350176861,-0.315507508561949,-0.0847077589799541,-0.252692576840954,-0.22518410421968,-0.00900379976477285,-0.0356509502905981,-0.111014735655349,0.292951962636813,-0.12948588103735,-0.143152348741615,-0.0341240300189012,0.0215045269748528,-0.0312505087417098,-0.0139746045984633,0.20163831006899,-0.108585689485481
-0.184886338292669,-0.219793677069571,0.0649723421983108,-0.598350835528357,-0.542921415282744,-0.161599151031777,-0.165525441931494,-0.171858951725612,0.318196111240968,-0.275171226433671,-0.58254380934803,-0.173327855726115,-0.345925348913981,-0.131025503152982,-0.0115095127877381,-0.206728486295534,-0.00407921444946442
0.029182794094617,-0.0180490190550671,-0.254512590001914,-0.151907223570793,-0.154803553783906,0.0260628713356179,0.100945100133589,0.0143970087038554,-0.80337818542572,-0.0503398183817724,-0.130404016123168,-0.0034007019271844,-0.0924506649607025,0.131957684429007,-0.0878418341930482,0.166591989729044,0.0802300317300907
0.0985481234697605,0.046793283118676,0.0978442347558958,-0.0367290546991501,-0.0844447785764249,0.113697162780248,0.015002793307188,-0.000291630615663395,0.400747148218407,-0.0246211917209341,-0.0732466021271577,-0.00501407398938114,-0.0297370643031128,0.0923713750399204,-0.0322865201055126,0.258284798233162,0.0386083151844473
0.203539862793664,0.248174212986212,-0.260765990692689,-0.00235482114486318,-0.11478326676438,0.116715298557133,0.150982485378377,0.19852090197072,-0.720507257212044,0.0651047464894788,0.10984565052214,0.111674424126088,0.033192630751813,0.134955527697263,0.115064142314918,0.232998176387513,-0.0374969949830498
0.223183175775241,0.159060609912353,-0.205299103864355,-0.135959194324196,0.129532529149963,0.247190682775106,0.238915716885835,0.303555909911677,-0.704647912906404,-0.0496798095832596,0.1404229927685,0.0243272300033931,0.209712158882472,0.0735356221972847,-0.107786807840873,0.0560987009728348,-0.021152221159391
-0.09600689222235,-0.135639825493573,-0.135232592308727,-0.420617429676876,-0.435739481750202,-0.00635931182525196,-0.0821469236104642,-0.190814918304259,0.186198179641077,-0.224614615240119,-0.239502007449824,-0.116754559183793,-0.0688967478692382,-0.131930992936455,-0.0308086147066891,-0.0676454457059199,-0.183318115046947
0.00346784690535151,0.114555661495728,0.240974575941225,-0.311051295350227,-0.262102167094538,-0.0980242844250332,-0.117401207948552,-0.0874417062203442,0.453741606103102,-0.151376167315014,-0.37211244424006,-0.0359491203939251,-0.243740651437464,0.103226259487169,-0.027168525042704,0.13706241717479,0.101648779252526
-0.100395013052987,-0.0301741323267546,-0.0657302966318007,0.15462237925073,0.160046198468904,0.0308354110965608,0.0142219820251022,0.0620399156834242,-0.0132550058835519,0.146788621912783,0.239485293587455,0.105806533984824,0.169148901371647,0.0423703334581783,-0.0355416428160798,0.0210910540913585,-0.147361123038277
0.0115196962177713,-0.0740628804427984,0.0739947485471284,-0.340167631283575,-0.285231242935521,-0.057968681541177,0.00708534028347201,-0.0786900274162025,0.281407138167077,-0.151123667441617,-0.132153008294949,-0.0334501158695195,0.0361423498682207,-0.0355778047397366,0.0354446123840535,0.145982650959971,-0.0829995945093835
NA,NA,NA,NA,NA,NA,NA,NA,NA,NA,NA,NA,NA,NA,NA,NA,NA
-0.0813207071899499,-0.176499522301323,-0.0237634394355746,-0.280141471822513,-0.236431101165947,-0.082539015674907,0.00693203804756067,-0.0847685664827172,0.286310406341505,-0.154263325461323,-0.143948868979009,-0.0218290629755361,-0.050260311931338,-0.0379769542576338,-0.134393497738655,0.0717989483023764,-0.13331092746072
-0.104706455463633,0.00639680549928219,0.101332739678328,-0.0807545947965796,0.0778594040180295,0.084179862824029,0.0354753468663629,0.0447458759513274,-0.0481918299307422,0.129370401071309,0.185339112138047,0.0356744851766047,0.0968135830794537,-0.0353568775049953,-0.222094504164491,-0.138611891769343,-0.0772718117713936
-0.113412963040074,-0.13556486447811,0.0043314448934436,0.021391070347305,0.0831163162270087,0.0531084160767676,-0.00203413954686604,0.0198167582096983,-0.088386414693588,0.0918796983716951,0.127381846277276,0.0288780094622391,0.142633851275601,0.0123857396327864,-0.0338192120845724,-0.197576072822353,-0.101877286608429
0.146206236073205,0.198304661155324,-0.134379299553883,0.0712258072455609,0.0914234660481169,0.00178634537793439,-0.00888424869932606,0.0512564644714488,-0.0170823972457667,0.160819710685289,0.244152842582168,0.0816969873950362,0.171172417952391,0.0644558262833564,-0.0259964219957597,-0.0540575452200069,-0.0156223912703553
0.0103209540805119,-0.0870127718011389,-0.0893976078501147,0.0317549558066804,0.247130756777301,0.119417507686997,0.120501198067983,0.0423984540524247,-0.015088120103458,0.120474206399368,0.216641192782034,0.10061376121886,0.18620851961216,0.153127994460838,-0.00651936481305001,-0.0830905974634527,0.200172601553766
0.128165903920904,0.161002478574976,0.0132963228387911,-0.0617667997551829,0.213902396279875,-0.0106140852247021,-0.0143320317379801,0.0228127049405014,-0.0993743645243831,0.0828528826678994,0.183224640204678,0.0728210521864366,0.111607960134269,0.198121825165222,0.140398728537373,0.0692213804739159,0.0951587920820793
-0.0367355532363604,-0.110349293563484,0.196577865068763,-0.0775065253251227,-0.111440887410948,0.0591181132605992,0.09258767961697,0.0646926634408361,0.443783924701545,0.00200880936335583,-0.0910046573516421,0.0859434853904691,0.0986416166012311,0.111337526801864,0.0711425651487483,0.198280348473286,0.0493802736928391
-0.0702281853920362,-0.0151629027460069,0.164474143312638,0.311289739144385,-0.0196745629387735,-0.0523275917722818,-0.0504366898976572,-0.069251410204828,0.0593449804305162,0.0542276448027924,-0.121368366519542,0.0934972121638204,-0.0827307504726963,0.00382338482665096,-0.00749414012428538,0.196310924939966,-0.0560591094725884
-0.0580519811402865,-0.0571479458043547,-0.0729644961673427,0.0390923946160344,0.0368078515232377,-0.02752173579285,-0.0587356699237981,0.0211578232496128,-0.05043644167563,0.139178592449628,0.23754730873028,0.0505202499168998,0.110274306603171,-0.00498512345576175,-0.044969626083205,0.0134212161365456,-0.0729877804535045
0.104043913304452,0.0668684808767486,0.239464304973446,1.06222378899395,-0.0363394723800221,-0.222506709768226,-0.189075295537202,-0.0625547994930968,0.202133072850115,-0.280047828864325,-0.766701696398254,-0.285652032142321,-0.668044071995904,-0.168926239180107,-0.0973823175865245,-0.326096226800276,-0.206496497188555
0.0682055632486656,0.0413032283771896,-0.169624288947844,0.0125212579794151,0.200412270485704,0.125297917176063,0.160843375548793,0.164203256104712,-0.212113288639766,0.0973623088942562,0.193064405246429,-0.132604038502077,-0.0717303079872325,0.193073751400145,-0.210005289343638,0.103275361206972,0.0983895206052496
-0.0543006374833589,-0.0897350779486772,-0.0349228365714189,0.137674209003957,0.0569365545043506,0.0223473174118693,0.00528271935255902,0.0188786312646931,0.103146047091162,0.107269312657698,0.0294704475474176,0.152967908097694,0.0555245629710305,0.0824312785418932,-0.0207849529825287,0.218674087689323,0.0147898598048874
0.114037660892502,0.084912585626885,0.00346153193072943,0.287305881115279,0.114902193354994,0.0224629011564144,-0.00408722278744114,0.00909574717675366,0.0840213522840152,0.124509063309992,0.0340445796422143,0.144596071522253,0.0746473313512939,0.0574012837987551,-0.00116317059421938,0.287168685229161,0.0884428690345788
0.0494012934283039,0.0568675150744322,-0.190356281224833,-0.0372310844155153,0.0284020701422672,0.117841663490681,0.0621144019173084,0.0799338200631783,-0.255398380524193,-0.0661684953394967,0.0305975752935982,-0.0966452019383316,-0.0512283211932256,-0.231481402808854,-0.0509663010995839,-0.188025712576519,-0.0491628297485378
0.046884410801146,0.0477355419872182,-0.0781578169785151,-0.0182056258611112,0.135098856318865,0.00948907557236158,-0.0351326198404989,0.00667606065174521,-0.107032245716131,0.0946984724321521,0.154325343823212,-0.00597453849166845,0.0194718302813089,-0.0631974721315343,-0.143565111779251,-0.27154491636114,-0.137325284594568
0.105569503785519,0.150692012498571,-0.133633601386299,-0.186490452118909,-0.233664406477002,-0.0642761378517429,-0.0175460943324043,0.10602591904043,-0.0990470872037194,-0.103277606885757,-0.303963714599067,-0.176508989642781,-0.337142617086827,0.0517302685743226,0.0495199150787066,0.0730398669544564,0.0448768970145219
-0.161483228515454,-0.0810055908490791,0.0457313042363555,0.24439408612115,0.0817539506387206,-0.00875044901137289,-0.0392864019375881,-0.0169773457898767,0.0496188583446265,0.11177304488782,0.032968273667345,0.105520613248886,-0.0160015002731025,0.0435650457170091,0.122574683847229,-0.101776827771621,-0.0971831981083747
-0.0145951550171477,-0.00955884584145084,0.0033806615712293,0.215178765382055,0.102893854666609,0.0134809547956303,0.0259861281303118,0.116402939329026,-0.0793274695124508,0.105423974290187,0.0783507689961542,0.0260413107119306,0.0417998372159748,-0.0619828923486001,0.0810731786728521,-0.155340903943555,-0.0658574469635153
0.00399838685343406,-0.0776162058398277,-0.028766244473789,-0.306009799672977,-0.164908811586057,0.0234183886756256,0.0364402047202492,-0.05699881582947,0.290913116766794,-0.138788928894066,-0.0696353634059794,-0.0195996264493877,-0.0204258893015137,-0.012991196416001,0.0649194692730445,0.0514171598204835,-0.0354905892329518
-0.229010906250781,-0.199185575459045,-0.000193413747694536,-0.0288850993786194,-0.0729338089481892,-0.0370356360591015,-0.145950188907422,-0.093491878073632,-0.308811797377042,-0.12195689507673,-0.0854953412239486,-0.124137095313725,-0.161646451666968,-0.0937555214186605,-0.145606291487756,0.0520469234799364,-0.0981944094585733
-0.0147659460509274,0.14955107681038,0.0778265872278846,-0.350092496582037,-0.520881107333729,-0.0667936603276989,-0.114826966007658,0.0389193181351822,0.369541949149381,-0.296116308281193,-0.48776068202342,-0.116544383909117,-0.345843393462776,-0.0228398445984315,-0.0675378632810874,0.143798242026694,-0.0114585649484794
0.101844394614959,0.196565399052423,0.111482451637423,0.323403372734922,0.240404059514889,0.0135306525080941,0.00430685559709068,-0.00368434407900689,-0.175563595221055,0.021984381553206,0.0559084380124669,0.0322377817334549,0.101799827226345,-0.0386249645926237,0.183948776136886,0.0758395649963353,0.0629404653310722
-0.0181581371058543,-0.127061045563598,0.0341365935132999,0.190212719001127,0.133581804362805,-0.114224327321533,-0.0407874990711025,-0.0815180105439706,-0.0805554946988185,0.150136410795461,0.14622499683115,0.0133058855505836,-0.00701032064730853,0.0251322031533488,-0.280309288649327,-0.34368333293189,-0.157005432370301
0.0400635663960559,-0.00586301402845156,-0.0870671215210739,0.184432607170417,0.0696341879441644,-0.0400630596828359,-0.0906655421958542,-0.0345338088882308,-0.115686356323678,0.0606219693228923,0.0746503043117426,-0.016868602994393,-0.0339144877950373,-0.0524986756514963,0.186697671559256,-0.263676198755334,-0.160670171751746
0.0847124901492807,0.275151843032026,-0.0294291165567462,0.244401947649154,0.334816368946889,-0.00209366277588982,0.0423961076271295,-0.0292380492532321,-0.220012482195122,0.0771068694030068,0.144301441626214,-0.00719870133545365,0.00984832332312458,-0.127911305725882,-0.026579991741364,0.165892075094821,0.037789883808483
-0.0250733460321234,-0.110298995664538,-0.129849089515938,0.106459427425929,0.0675377334696351,-0.105826595830254,-0.100385204545422,-0.143021080227226,-0.157628262534363,0.102450859585743,0.144641363771406,-0.0151910269123691,-0.000920060377956569,-0.0360639649702906,-0.34918093308386,-0.263044732317453,-0.183442840459539
-0.0530843103192477,-0.158478324609633,0.0413055565954184,0.100578081351514,0.129919554963501,0.0237252852623007,0.0348368268025264,-0.0275293834331099,-0.126256547608221,0.100887237252946,0.210458616621521,0.0176859880999236,0.196747407747156,0.223107467042533,0.0469509516445652,0.167777193164337,-0.0760925100490596
-0.105625064848977,-0.188200470424412,-0.143086043316861,-0.50315731224425,-0.317761757452696,-0.129319254010099,-0.064196089967626,-0.127305123229065,0.201643964801582,-0.186256709399142,-0.155737094064423,-0.0833021204630482,-0.0375407564180565,-0.0749249637593364,0.0358324586733822,-0.13463809649884,-0.0969314453276999
0.109650640995404,0.170771483912105,0.102489461406786,0.347146022746731,0.00805579461874046,-0.234468782597409,-0.0956400503122495,0.0647863604819997,-0.104012629124106,-0.0300449985645139,-0.0806919265393649,0.0445579393275917,0.0219369152441234,-0.107791564664457,0.121073237629263,-0.0657249442745206,0.136677966208785
0.228879267876017,0.219575708255721,0.137929663280413,0.3787145482141,0.414065391103347,0.221881980941384,0.16539787819864,0.175220100818675,-0.0527057251622685,0.158863271733763,0.269451517829957,0.186163136552069,0.348324538355036,-0.0128352916349974,0.212171411193715,0.286395760831138,0.301702948922239
0.317615127891661,0.459191174008738,0.182664094906293,1.44550000290796,0.6559229663855,0.0602720376544739,-0.0624044348899821,0.0629854562725788,-0.0355887064699745,0.14449338401223,-0.0636049155764018,0.0996016991085529,-0.110513240319892,-0.0202107776197498,0.0685416604034914,0.419092336860453,0.44120108634794
0.229028379134825,0.154743439034343,0.113789679388828,0.135598440185365,0.283371105865461,0.103781630885353,0.168578694511706,0.145061926162349,0.0189186227219519,0.148690620856091,0.259826887612373,0.199426557860223,0.348571611451703,0.083071535435951,0.241281003703621,0.162000455833757,0.180649796854562
0.277120222233675,0.334943602769031,0.155573735294881,1.41642478860027,0.656922133888441,0.0375256844640628,-0.0559077773530626,-0.0310256688229417,-0.150992928840575,0.0698831311612128,-0.100405573351366,0.0122873051809746,-0.133229683998153,-0.134217706428155,-0.0107444581095619,0.461604101594263,0.361528107873625
-0.0223119835476731,0.0404130291943461,-0.0789840971472725,0.0649020441823764,0.215407843884821,0.0227045611632543,-0.0428319404853041,-0.0557142845756162,-0.286576813331994,-0.0719369988930294,-0.0281883812956031,-0.0437507136233845,0.0613653979666037,-0.0678599361607941,0.10573754390364,-0.116896423548167,-0.156785880981394
-0.0929481215164136,0.0856429533570511,0.0499111493598944,-0.273525002184953,-0.292632010689727,-0.0532798142932069,-0.0645066407716798,-0.122434177891845,0.236595732226598,-0.15572047803108,-0.204480099877209,-0.0604787298097694,-0.0340738640288532,-0.0421287738630068,-0.0390589487163335,0.0871015621354666,-0.113225134061324
-0.228868284628316,-0.242380609252036,-0.0157465401368626,0.132666980425081,0.156668507361392,-0.0370040288974828,-0.0198207340809457,-0.0388829205504189,-0.311751569531457,-0.057050996383625,-0.00169385256154528,-0.0364026185298095,0.0424050296224164,-0.0437519312786058,0.0177241377676258,-0.143396436923233,-0.155190854376512
0.0135155904053151,0.189614956635044,0.144240169993208,-0.276704614948061,-0.0993382966236699,-0.0634883483652459,-0.0678295476042644,0.0547277530291437,0.137452014139121,-0.195682869747198,-0.133841793445375,-0.134557646243866,-0.196509952893831,-0.142338929241345,-0.0419365065736334,0.0262127666865566,-0.0354526599079961
NA,NA,NA,NA,NA,NA,NA,NA,NA,NA,NA,NA,NA,NA,NA,NA,NA
-0.0502229544611972,-0.0154203983737029,-0.0531514081956074,0.112417104797045,0.266910880070558,0.0571555903722283,0.0171120318457319,0.00832502554751815,-0.256550655109712,-0.0466725461144536,0.12028426907552,-0.00925661350244247,0.140133547237795,0.179951852779018,0.177325409055846,0.0156897882852356,0.0272198015618275
0.0867289248941194,0.0450017724755769,-0.0808350593136755,-0.290529231083697,-0.408196688200149,-0.0224378509793772,-0.137533617487815,-0.0953905522689429,0.137529566258159,-0.254148493112303,-0.215003018107076,-0.192389135813082,-0.286652305120268,-0.207341914524797,-0.0700097585536611,-0.35051515218864,-0.0330555959242173
0.282065783649131,0.287156832831753,0.180270312664993,1.16914022001482,0.251407402815739,0.0222235206016167,-0.0257597429316233,0.151767046384796,0.274412020439872,-0.220310149651291,-0.418045604672935,-0.0993219191924998,-0.375121355282169,-0.0896242549739958,-0.281868497178961,-0.00179572815889288,-0.165964682913118
-0.153824922375376,-0.0349003760727165,0.0534270663020503,-0.030667009301553,0.0527130125000287,-0.0193805757251659,-0.137266712545205,0.0503105162160427,0.100034585896505,0.182517458294261,0.0619924487825791,0.128123019454174,0.0693834976931094,0.0445212662970277,0.00305090987157634,0.0691164505797382,-0.0270387376662821
0.0658986816021824,-0.0357045894979484,-0.0508407573252429,-0.352546219865574,-0.181459805459513,-0.0320803896322887,-0.0355646780020397,-0.130468602012201,0.280107139753963,-0.145393043296315,-0.167146076316704,-0.025867102107111,-0.0201856213036181,-0.0509814542830318,0.0467012633544586,0.232449634229549,-0.0637848247407174
0.160365646487516,0.14922290685025,0.536237941865672,0.311668907400427,0.0973842490047216,0.20871112729004,0.159500190585447,0.205552398739032,0.552331628178361,0.0843300700476777,0.0700933901722921,0.0853563139823268,0.0507116222550076,0.108065569010836,-0.100204072377499,-0.167559922196713,0.0433811329004396
0.240612673620863,0.291328378570579,0.316956587564972,0.113592042422337,0.00843100279688658,0.0537921868440436,0.122506754178752,0.127228264383395,0.44601442368207,-0.00871548795288168,-0.0381579663187436,0.0203962053830223,-0.0083490150231384,0.0531693789254626,-0.232581236285663,-0.0534783556294442,0.00481512281904686
0.308459185961048,0.297765239034694,0.221888885629304,0.0700034146744439,0.00276091647696194,0.155976924679859,0.14722357022602,0.152553457255841,0.467698123541949,0.00554999463740694,-0.0362132076299574,0.017850801080492,0.0017688303414702,0.0656808930237418,-0.171313159087912,-0.17428240885251,0.015361795624806
-0.0525566405284234,0.0653129100701378,-0.195869046628174,0.112105849040673,0.182025749640988,-0.00818513752095246,0.0142954576215233,0.0819492696616232,-1.31248497165839,0.0958273739324726,0.153868679241752,0.128434788784921,0.129713422823383,0.200382932213009,0.112275499091163,0.191896548184612,0.0336761733678233
0.15379358980401,0.193117629043071,-0.223891464901041,0.0216737538086137,0.0563468653957613,-0.116613890809897,-0.0878242855761505,0.000420187748428692,-1.32366542411269,0.0958815448127219,0.113333474465112,0.09478791574941,0.234428108966506,0.177684278773499,0.216800120206938,0.315766450553322,0.0849380795370851
0.0478372176537192,-0.0147776369108364,0.114851037669758,-0.231179518359138,-0.275193857295404,-0.0439242262614875,-0.0299219916159623,-0.0950394491012943,0.288661583866509,-0.128569835808864,-0.18031696781579,-0.0353028704860684,-0.0321507855061321,-0.0297975636078054,0.0132092188507664,0.13802010894629,-0.0858263745617048
NA,NA,NA,NA,NA,NA,NA,NA,NA,NA,NA,NA,NA,NA,NA,NA,NA
0.0229667996010624,0.0888576351604688,-0.0134897749650596,0.0266681197312916,0.189143222364676,0.0939185693981084,0.10400697011212,0.110744273947072,-0.122805395417535,0.158769495649013,0.291726372814463,0.0881589124572937,0.192985496810196,-0.0881712120831224,-0.00467911973737278,-0.146930033962778,0.0214850590365396
0.157770044637742,0.175198308136662,-0.205607013319519,0.065637196522933,0.364187349613015,0.081157504839639,0.0536236563476406,0.0503514064075977,-1.50008613055177,0.318220225242554,0.48427049456587,-0.0112490671483459,0.191486266783067,0.0587548637016456,0.107370998678597,0.217744837441677,0.0789985835615706
0.277998334079932,0.162459023939869,0.0516970372228398,0.261022856240622,0.428302716843271,0.134633120479344,0.176833225537132,0.151701505088102,0.101100074766122,0.309591321012489,0.45261540787,0.209046309813219,0.350915665206472,0.0796632148640414,0.0561094763071039,0.160576476218457,-0.0926944832328155
-0.121930780134845,-0.169249567108721,-0.131243915181154,0.143741381810394,0.0786771987550843,-0.103836741890485,-0.123972351207794,-0.106378051332852,-0.115236677891938,-0.134848980903046,-0.133101949091785,-0.0694901172310227,-0.0685649753449215,-0.0622142866781763,0.0244914541683251,-0.152501404115564,-0.0230433038557284
0.168664389166697,0.134136644012417,-0.174727203415752,0.100024055637313,0.139164047830938,0.0880728044995992,0.0783350309984976,0.0975587186263523,-0.705108102060402,0.0716719443359803,0.0812719406446456,0.0942736209150272,0.180805296776448,0.241150225257576,-0.0478175643502632,0.191100407542531,0.00824327783909825
0.126157526297291,0.240284692238481,-0.0188775939146705,-0.01486525943482,0.211388899051995,0.132625391408997,0.155029391176022,0.127096487613616,-0.63901473430589,0.0889612066241335,0.136625072540081,0.138442963884177,0.240706794707853,0.272513434339105,0.0363368494030811,0.141054559620344,-0.000452590971696278
0.155847246334321,0.0919640587679322,-0.0311462023424896,0.254087165108728,0.222850498383197,0.139591507460203,0.0259365227681289,0.0562723316716294,-0.693620757991919,-0.0316856267999382,0.0310518833156317,-0.0184242326084422,-0.00311327587659766,0.065410223980034,-0.108746035877769,0.194251941824547,0.00230863458173203
-0.157971815405151,-0.118055826197958,0.005852928616783,-0.211567393172167,-0.181140278138168,0.0337654905685342,-0.0253149275851211,0.0273545802219086,0.278778277416009,0.047447977341739,0.0223903824358623,-0.248602110925097,-0.32663828672226,-0.0812338396698454,-0.0591245497237549,-0.229437369837088,-0.0121771046834128
0.00575779991367593,0.0534263110293931,-0.336192726255971,-0.0576070844093694,-0.0607631058222644,0.0996181298574674,0.080604306885218,0.0197361984754447,-0.780681548668548,-0.0523259063637935,-0.0293135255421856,0.0114414794763748,0.0737894230200342,0.128860255513605,-0.1407495962538,0.265113407970496,0.107674504111387
0.254054234561245,0.189926654729223,-0.159184513304141,-0.0331722253232649,0.0731114450524767,0.184020296283879,0.219148748393026,0.20253998252531,-0.801304918639984,0.0329060464522236,0.197372633362641,0.089470550527796,0.194389733794338,0.183101536308778,0.0589417150567969,0.122977984462397,0.0261131573727905
NA,NA,NA,NA,NA,NA,NA,NA,NA,NA,NA,NA,NA,NA,NA,NA,NA
-0.184674095603488,-0.140484336759562,0.12010775487333,-0.381911672005696,-0.446226681038397,-0.131798892999541,-0.0655012739242386,-0.111810555510507,0.253832693164712,-0.144593844264055,-0.157005371041195,-0.0553195177520922,-0.0700052360853098,-0.0524023127272453,-0.0195794547127114,0.144010975738801,-0.120113250624804
-0.000117715226802834,0.0653872203096467,-0.354836029897451,0.053142050985969,0.405775782993932,0.106393301614667,0.153199563770656,0.162541929052877,-1.37155568769508,0.388294015203556,0.601823567224367,0.0204334895166718,0.177677242177926,0.117547430806475,0.0428538057582864,0.0788274548736276,-0.0643935331484363
0.0289599629426385,0.0351181491967756,0.108069635671293,-0.124943417344364,-0.236079216139292,0.0219013471576819,0.0276191954179848,0.0768951977470197,0.31728441191972,-0.125488759387204,-0.0668151334432188,-0.0603037492788883,-0.00895165386686834,-0.0190307190627214,-0.00713931338112578,0.0159541938869785,0.0631218429294661
-0.0307721240379504,-0.0404415841831361,-0.106605830133338,0.0918657232633923,0.0848609594409002,-0.0344008786649076,-0.0284862614385536,0.00305248365827795,-0.0660871225581934,0.126248090394847,0.174823124091959,0.0332117717285957,0.0114850371470725,-0.0254512696587397,-0.0329205137757576,-0.251215653555375,-0.110508647965367
0.0984501463817174,0.173937501263302,0.0932262537674128,-0.160072198937304,-0.155643818539186,0.0144923485563601,0.0668252782943919,0.0875186181826527,0.324234883181387,-0.0686921763070306,-0.119614955105515,-0.0470176338967277,-0.0107848153206576,0.0577491905010348,0.129779446492301,0.0570265117172073,-0.130625710373108
-0.0386548231788554,0.0317740679750913,0.114383597326459,0.62761189341828,0.0153518465238359,0.0203067682628994,-0.0581963317614186,-0.0396869440469998,0.175938603645625,-0.138827526472865,-0.265943435824918,-0.0869602518301872,-0.136300507235943,0.000817622805433768,-0.0214178016503955,0.0932839183125784,0.0464526836668403
0.146479734435043,0.165948069814161,-0.157081805093789,-0.0901016318986247,-0.1912656271264,-0.000824529842095021,0.0136466757194349,-0.00734836804294135,-0.778051792825607,-0.0973656997455536,-0.0987141135797641,-0.0428702248599375,-0.0453160732662738,0.0969832354682005,-0.0753721615830854,0.19343765416786,0.129883336621316
-0.0156003065086745,-0.139909036734699,-0.0124442090794955,0.317208382139492,0.349878309460961,-0.0444902223772543,0.0170324061490908,-0.0166639002609238,-0.0900244577776294,0.0984011777446171,0.182038088857999,0.0653407655835586,0.110109223486394,-0.0689316482997425,0.0430756640221553,-0.0797049236285049,0.0804546219731361
0.259960704264887,0.222924798884852,0.00563668907787455,0.2511644661048,0.465125980264246,0.0976670044919646,0.0124985199220017,0.085937750331119,0.0544495456279892,0.276769638397362,0.412948370086129,0.231712009237244,0.313444258563173,0.184798534392126,0.107140611915663,0.147532391283242,0.0684005114386769
0.0859305361238888,0.096687367347138,-0.236423670490828,0.259719980065933,0.22301075210786,0.130083095244814,0.149405310975006,0.10162741829867,-0.802672074906906,0.0715616299215748,0.13124341991934,0.0487380198146575,0.103213664933484,0.0193025373276692,0.0721779388728787,0.0611450974218553,-0.0818223303301185
-0.131510664662798,-0.0781430519602488,-0.0562287169713029,-0.0805673536997478,-0.3182908311458,-0.0931179312070427,-0.0882248064799444,-0.0815053201522968,-0.0895706841805872,-0.0278044271614292,-0.118234132701763,0.000150620876723699,-0.109976089357713,-0.150059540291389,-0.0821323621382876,-0.0932492888628133,-0.0557424193502853
0.0117838904328754,0.0102284027686832,0.195207184259503,-0.241971550367429,-0.657906728123539,-0.0662918080109762,-0.0438402197520623,0.0217678252798472,0.411925511968473,-0.14838190263861,-0.42861219800579,-0.115674783715155,-0.326914642125426,-0.0518030298642897,-0.124270845262703,-0.161803000955128,0.00976555621255727
-0.12689128465426,-0.118808821169114,0.0120325589760091,-0.666923679902341,-0.422206618531123,-0.069836863157991,-0.165495313605451,-0.158943633541926,0.179123567705162,-0.223077820841499,-0.301909478030344,-0.107128331365171,-0.0988705601811935,-0.137757714091623,-0.00538361131600738,0.0344709155981396,-0.127520182808356
-0.0954307749224476,-0.119680378488747,0.0264065305336784,-0.240642117112218,-0.0072460090601821,0.0288637387910816,0.0476915080064166,0.101756297989962,0.325552543407793,-0.100626707532402,-0.0265125115468233,-0.0161571190716078,0.0356037021783892,-0.128553130793051,-0.0131528849614395,0.0881259534120715,-0.0235720821924602
-0.00106231741253574,0.0452149900782767,-0.171992946772677,-0.00534572876631331,-0.0425307131785256,-0.0463022434587022,-0.0665199155613366,0.0945876069127277,0.212437800534834,-0.128637433138517,-0.112261579610662,-0.102476886935351,-0.0984764408028474,-0.0912052652257918,-0.0445996280575134,-0.251938977540332,-0.184240125398694
0.0363359144574774,-0.100309255920052,-0.24154225118831,0.15518490554792,0.0691922524965159,0.00366550493336768,-0.0573742613251839,-0.0249836002414793,-0.00762303360473967,0.0276208323230686,-0.0514498827710078,0.0828563088194587,-0.017481187995753,-0.04366698391204,0.0884066957233186,-0.13403923176029,0.041740808128352
NA,NA,NA,NA,NA,NA,NA,NA,NA,NA,NA,NA,NA,NA,NA,NA,NA
NA,NA,NA,NA,NA,NA,NA,NA,NA,NA,NA,NA,NA,NA,NA,NA,NA
-0.069311174016714,-0.0419544519216538,0.165102910810881,0.217764470383378,0.22660234452741,0.0553459175315533,0.0450306690201189,0.075847538140669,0.130832574801605,0.162939096171487,-0.00555552203727395,0.13787881964749,-0.0410499971948775,0.0348546916658098,0.157411579702084,0.0373946848741544,0.20482418192715
-0.187593865455379,-0.234293096744595,-0.0512133592592189,-0.480742440640513,-0.214555403438587,-0.11710649078994,-0.0145896358512734,-0.143021966221056,0.235908175105299,-0.171091635481132,-0.167473646581225,-0.0592582577257304,-0.016992713548615,-0.060064268037036,0.0289006918127655,0.18025212312853,-0.121241930484576
0.124587625641081,0.0373605586172972,-0.220281719442017,-0.0596077881139721,-0.0527015101628335,0.0609498104720525,0.0754371922382641,0.0431223339679062,-0.73830691394256,-0.0374810998743915,-0.00532034770972941,0.0370586930950418,0.0324934575268001,0.146903487827502,-0.0827092172559573,0.211931882643067,0.110172905941026
-0.0815259127998506,-0.00509542915169293,0.193296904085315,-0.133439325253388,-0.115125157184059,-0.0161266737206662,0.0757035902394313,0.0474408124606274,0.472092273420119,0.0297629068616874,0.0138187872269278,0.065082938006927,0.0426376451508008,0.143530965260957,0.123604845683186,-0.119393261316246,-0.021199864905608
0.00428262241252347,-0.0392525934304521,0.0927617580976851,-0.355801801742473,-0.352098485166225,-0.0273738780611339,0.0220423060769218,-0.101796586167777,0.290094479603431,-0.0991333213970073,-0.132703470272159,-0.0197939578326332,0.0406112193340179,-0.0335476621458412,-0.0227733499339174,0.249887871550057,-0.120588416598285
-0.11099314565453,-0.16175250587383,-0.0777574563762076,-0.255102489683054,-0.518136045353627,-0.0426626922516058,0.0176641923380135,-0.10746787405751,0.278454434218671,-0.148465164835804,-0.18121438398724,-0.0377692665789813,0.0436891023450265,-0.0509868107682189,0.0398987702232297,0.0265320796522956,-0.0945686470875934
NA,NA,NA,NA,NA,NA,NA,NA,NA,NA,NA,NA,NA,NA,NA,NA,NA
0.0857174361139744,-0.0244494792176842,0.0464726116065326,-0.294812047340837,-0.337854383979384,-0.144851952973838,-0.00230181817747609,-0.128660466493888,0.329010733428374,-0.154356364243294,-0.191557163266506,-0.0145917477624265,-0.0357161484141841,0.0125904352394613,0.0923544568119915,0.142747150644239,-0.0597908338596619
-0.121355247973898,-0.138448357410996,-0.0355274923924238,-0.471829532297578,-0.192965909007251,0.00401988591142461,-0.0106003504776389,-0.122671513031077,0.277751850249084,-0.15196976498095,-0.172029908728281,-0.0323816862729498,-0.1152590730581,-0.0432659874706122,-0.0233439172548487,0.0705063908638257,-0.0433975967227382
-0.0210289716438789,-0.102073942059364,-0.116853141709508,-0.36390227958698,-0.380512924804077,-0.0979966310698763,-0.149066069592242,-0.178973214597608,0.162707072036054,-0.238989793252884,-0.264826393262364,-0.113672596615802,-0.204366553573697,-0.179552332985215,0.0316955758029199,-0.0133522723210544,-0.144472068138881
NA,NA,NA,NA,NA,NA,NA,NA,NA,NA,NA,NA,NA,NA,NA,NA,NA
-0.172494358876416,-0.230011075776558,0.0263207538535809,-0.374077634359765,-0.35201078065117,-0.0585249467867616,-0.064334833983272,-0.109499562930881,0.228654030752733,-0.177220293193357,-0.0939446757037359,-0.0610197912276635,-0.0265723923105188,-0.0958482248335186,-0.0801239255784885,0.08887733361241,-0.139258314463202
0.0617440282126445,0.155579118331122,-0.0393438974377187,0.13391357122015,0.123179879081986,0.0240856434997302,-0.0420697747303294,0.0421142093626104,-0.105044145638027,0.0966778906571432,0.159150972716873,0.0176559925708437,0.0637195640148764,0.00288676723102377,-0.0173716544188487,-0.0441183386649339,-0.0409929388736748
-0.164049228885485,-0.180452438180932,-0.000473421078369114,-0.316371182825838,-0.330817102284217,-0.141532791497926,-0.0753989829045206,-0.148038129511937,0.194239257251549,-0.203724088881999,-0.272353249426235,-0.104529485926174,-0.106097667841777,-0.100192159750135,-0.0704275174556094,0.0587637786985209,-0.149994295134126
0.120498675615203,0.105773580779773,0.0623840356474292,0.221322135475312,0.345248042916817,0.0628152893673753,0.0400835278012678,-0.00500415285552764,-0.118796724062627,0.0945582854058171,0.216852525475028,0.0911084907661109,0.239503566792152,0.123731245157458,-0.023764001542699,0.200598498756217,-0.0367912316750165
0.0308667804332749,0.0354415512088006,0.0062357986183232,-0.10214477186007,-0.0519250056756005,0.102471502204702,-0.0426306873515685,-0.0884231628956073,-0.0284006766715355,-0.0443294359365469,-0.0113037451702886,-0.0331615232894137,0.054354681261214,0.0294665970130279,-0.163740214898761,0.139710437477378,0.0172264490025603
0.00522102093375044,-0.0726433069663846,-0.0992653595437865,0.0829366098567476,0.118094831263865,0.00870332609076678,0.00907028764069698,-0.0452153432670611,-0.172223553017344,0.00460726130859258,0.0322745819583244,0.001635210242599,0.130905385677245,0.0706014463652443,-0.000923964611439413,-0.0423936884399936,0.127299964661958
-0.176709838249502,-0.157711077587134,-0.0373569572936064,-0.137819003557418,0.0836291928818771,0.0450740161464088,-0.00620015471647025,-0.0797185064658215,-0.22109751236557,-0.0638962726975063,0.0356357984364442,-0.0466900724694836,0.0672965005350201,0.0591000431845304,-0.0503214011999835,0.0819178443236264,0.0557916522451859
-0.0716997302102211,-0.0528474832997006,-0.123516125804248,-0.0540522954847404,0.103452751970439,0.0362879684650384,0.0857028737295645,-0.024592051872499,-0.133229674630193,0.0322605830108997,0.127981567700759,0.0301061014820137,0.0923778597286488,0.112246614480435,-0.0181495676140613,0.0371020642843402,0.0900751436524923
-0.0897849915619266,-0.0950120127844059,0.0119269754672041,0.0685969799833201,0.089722901215873,0.0458824656362812,0.0225120672799616,0.107924780244469,0.146718491748678,0.213710855097987,0.126419396994903,0.152303295622809,0.124922220318019,-0.119059426516181,0.0741320900353001,-0.138998548393752,0.113340895869975
-0.0764530029340324,-0.0452606131200529,-0.054168800480311,-0.389142336796203,-0.297912653840248,0.00147286547188134,-0.0370851323951504,-0.138942485049833,0.239976018051176,-0.195041107937684,-0.153485329485767,-0.0614880647855487,-0.0630493426014032,-0.0499227726131061,-0.139614300934192,0.0982568691551557,-0.110073814857367
0.0407197983636218,-0.0233497093508437,0.2450895947655,-0.0291886718298575,0.0436212588557413,0.107849575410712,0.116879540675697,0.106699710821617,0.410007547519717,-0.000600546632871085,0.0603346037330171,0.0726989569492186,0.121848782642487,0.0636583495231004,-0.0148994729615121,-0.0259741830747543,-0.0545267632573126
-0.000992623246127858,-0.0837343481238212,0.191075874563664,0.00895123000071182,0.0284358423347147,0.0397025237730273,0.121122033356823,0.0673548598453322,0.46113184836206,-0.0133858433538144,-0.0280711846153487,0.0814927922122275,0.110404347834144,0.119753259995028,0.176277168723266,0.0636782359668724,0.0040443832999555
NA,NA,NA,NA,NA,NA,NA,NA,NA,NA,NA,NA,NA,NA,NA,NA,NA
-0.0215156602754744,-0.0124573817460492,0.0380163824723559,0.0259806459453957,-0.00866354964424385,0.0688665003227472,0.0463567957329698,0.0756446969055211,0.110673694254802,0.0430650945215502,-0.02717805504589,-0.0188941834877984,0.0592069054237814,0.0267954113357957,0.053884487046038,-0.160810864230773,-0.027499365462349
-0.0900689604834781,-0.0738228395052349,0.0725229734429812,-0.293360214485587,0.0340922116902031,-0.04766047152641,-0.039540141705726,-0.0700521602064166,-0.186988229651206,0.0510316494461056,0.187551300617518,-0.010605763934616,0.043186419949983,0.0732239422821488,-0.234880667980727,-0.299935198397603,-0.126393378423397
-0.0398581187202724,-0.0934155807265536,-0.139256676217927,0.0666582839929928,0.240471967736362,0.0296825477824372,0.0165597776843633,-0.0205215589923894,-0.265240485006329,-0.0165212085938277,0.0578351946501267,-0.0174346195370546,0.0878588481116504,-0.126692721497872,-0.0135557767975746,-0.012204671858167,0.0849899879725671
0.125689331723872,0.249931738585969,-0.0468006458498589,0.772424659289223,0.502220047999637,0.0127545467949186,-0.0647798954586631,-0.0298927172989681,-0.20611950238606,0.0124910509698734,-0.050297408755455,-0.0360269000087097,-0.113162220956644,-0.10516546151866,-0.314934228370746,-0.10891323974214,0.107597428900462
-0.013261014174445,0.0626399539458943,0.00813674270123775,0.050512246537097,-0.0406972596992913,-0.0477664962218494,-0.0727773027848077,-0.0767257524189425,-0.0332589791487282,0.0386718034587752,-0.0174865397035673,0.0364690781493979,-0.0186875230481328,-0.041361931870024,0.0590935124022451,0.0659898738069794,-0.125608616936529
-0.0936100489229278,0.0233910031454932,-0.0208746025031311,0.00120556575093111,0.0774072538090782,0.00179771048473101,-0.0815935063527319,-0.0350708677550409,-0.130172333812255,0.0634081253894733,0.0995675051475593,0.000665608917834742,0.0157470569945597,-0.0382874072739526,-0.0636421228708514,-0.14731911161518,-0.141974855264293
0.0666058027651391,-0.040969760414845,-0.12063615001271,-0.128647501436746,0.145347237605695,-0.00162279406450432,0.0680807238390191,0.076292750525109,-0.342974513416116,-0.00630416864387892,0.120410640052281,-0.235622829631809,-0.213655033186746,0.10054413997635,-0.384784909180688,0.128970180131175,-0.0183161867286084
-0.0637721870388514,-0.0920176663900093,0.20662738025086,0.645702722683255,0.479513679693275,0.0519532877455299,0.0262847030302217,0.0918308469371239,-0.0591334161093328,0.134178916985237,0.184071626567159,0.0283479742816985,0.117888141925472,0.0459061475234414,0.0294703630388388,0.169619222663478,0.22162904789079
0.12380599503934,0.314663335934238,-0.0846970642254001,1.3263226484361,0.604991654409225,-0.0261337957655383,-0.0683784840496602,0.0762582101485942,-0.202742750693377,0.000160880037743122,-0.0864333459075233,-0.0131897936395526,-0.16417286304684,-0.0564327479597841,-0.121635231879399,-0.0364066152238338,0.0863654226204686
0.136339011758493,0.329723753915105,-0.0797439988385572,1.27396402777211,0.514792089327954,-0.0838348944409107,-0.0695182932519759,0.0554545931690071,-0.262957344390961,-0.0400028977345662,-0.103214053659621,-0.0572001386354035,-0.198847955868955,-0.0926901368632996,-0.264558765016197,0.0822247621218495,0.0529650150752268
0.123478453852118,0.155426732647575,0.213582287195465,-0.0509130195810903,-0.0264098536346198,0.0204884734537517,-0.00814470081955381,-0.00508716780441593,0.362750290144079,-0.0217787353785826,-0.047369735571996,0.0292810501922272,0.0294991249756486,0.0739085142196091,-0.0653698333078135,0.00402050015039948,0.0579260293449517
-0.137883313238974,-0.20192327079578,0.0189175477890117,0.178436040918237,0.00268732055795815,-0.015704696837675,-0.0976543548955298,-0.0237098187351894,0.0333428917174077,0.0953008900405324,-0.0187058800529668,0.0858486507275937,0.0387784705872811,0.000629516226672717,0.0968536710767934,-0.112464697895107,-0.107833004319083
0.0502672282424226,-0.0171193678059885,0.0243067971133557,0.333400067765226,0.0514014525219907,-0.107245854266748,0.017272380527424,-0.046848508125805,0.0740755454491653,0.114467767117464,-0.00959106971439112,0.144162871866722,0.0873644490584954,0.059112918583814,0.0740272761557241,0.0964171485633756,0.0902737123734529
-0.213375397842889,-0.220478373207168,-0.11297268925727,-0.515955394611817,-0.212776924226256,-0.170252653333622,-0.0536493786413675,-0.136303013516235,0.242182750683263,-0.157359956606886,-0.0718819836931055,-0.0503839060055155,0.063638133253557,-0.011029755530318,0.0572415694850186,-0.040022300408636,-0.0890303294792671
0.0346414937715752,0.0308764489999869,0.293261421180171,0.267461908243853,0.118036051603507,-0.0607728730226902,-0.0716723701634334,-0.164089214550377,-0.0512355273306432,0.0160651081182282,0.000495368204833314,-0.0359481932419778,-0.120551414419493,-0.0735946227874577,0.0851218365183134,-0.0781610205167829,-0.0263925393494007
-0.0314140167643618,-0.0666127527073863,0.0232026723246366,-0.24465036308469,-0.394091675809263,-0.0454686346423803,-0.0762327408609548,-0.0796091498611967,0.212560138761319,-0.203337520873869,-0.211219817609066,-0.164803174080221,-0.259491245666894,-0.177424470572258,-0.0611435032729384,-0.484707011623678,-0.0700888464290212
0.0138352275770672,-0.028830443746957,-0.0345746383827043,0.306072309954497,0.379873085421621,-0.0305897932871776,-0.00418364809497003,0.0723840986043395,-0.0739674884417908,0.168597219567589,0.283980332613325,0.117015128899818,0.262150504122862,-0.0705396858212158,0.0646606758963914,0.0987861257377642,0.0193034186327424
-0.0297791576462553,-0.0469941509554378,-0.111310235910678,-0.0726769463991033,0.119238191554486,0.0422269776185931,-0.0609388094521764,-0.00251232286031978,-0.11782416361467,0.108227137615497,0.203111243739046,0.0291664249729737,0.115118616873662,-0.00947700657395554,-0.148030595470843,0.0399960085024318,-0.120172337463261
-0.115566488359798,-0.0145644158038403,-0.0642434851410551,0.311762707833043,0.136118243356841,-0.112565034951059,-0.0608046107639933,0.0619981710530837,-0.129977299455528,0.0497489627045939,0.0430769671020177,-0.0213924008330838,0.00712379893195565,-0.0948827720310941,0.0593244390161824,-0.311304244506632,-0.0614132718100113
0.0112461622459184,-0.120788912421494,0.0980080260998266,0.37501716805034,0.45371954887961,0.144775839037357,0.178004285613701,0.143812740895406,0.0454107536519322,0.260450943824506,0.311685898842299,0.175227547127401,0.301576437167578,0.0999327340363837,0.0465611934096427,0.0696967728569086,0.124845945088517
-0.00111955757327893,0.0369475750181523,-0.137012057934596,0.229451617771847,0.369298437065589,0.0110695620715514,0.00981256099374434,0.0491335224490378,-0.103857607919342,0.133114206365744,0.229469404264551,0.0851094221655989,0.172375618664197,-0.106377966105689,0.041133509045047,-0.0606307989163969,-0.00195505489949487
0.157982622617278,0.172444367402164,0.1093136229221,0.303697815856592,0.325896744288862,0.147195756804094,0.121566700324665,0.13540093666963,0.0450307503206051,0.269884115732681,0.45132564474841,0.160333955923033,0.334498108637453,-0.00636851606452211,-0.0759744189385793,0.144493887017646,0.0955386847980044
0.192282290298503,0.111700848998362,0.272093784010063,0.118009310786233,0.206281880593145,0.206415106454736,0.190714237385165,0.183533517443494,0.406892924540246,0.00636446149708544,0.0244172631319046,0.090713833934317,0.148457182631653,0.234170193253825,0.260886233564834,-0.0623634139809739,0.197352096336404
NA,NA,NA,NA,NA,NA,NA,NA,NA,NA,NA,NA,NA,NA,NA,NA,NA
0.016647411440122,-0.0143970047708259,-0.0156339489830039,-0.119426413899414,-0.0604394148770503,-0.0539733659674469,-0.00263487437872447,-0.0624341898172252,-0.132427586336838,0.0321210578150805,0.130722578325358,-0.0226520737418789,0.0575699631225817,-0.0863767715202403,-0.148395950959012,-0.156648325613493,-0.0709379637699881
-0.124760084089095,-0.221492677959549,0.106772042496332,0.247902007332698,0.328414989424601,0.109383286225637,0.109252448320124,0.101831383115584,0.0271083696401725,0.262617292948468,0.385260018615732,0.158480085475753,0.314481323038583,-0.0329462327702244,-0.0442924015627246,-0.0534592190752577,0.0444568591718038
0.0308773472934708,-0.00262974045476468,-0.191601294401559,0.0378915340351509,0.236416132370017,0.0236736034258132,0.0280762196730365,0.0242455154755831,-0.0985817694142637,0.157051665980962,0.295441213650311,0.0633270544752317,0.15008800742989,-0.128026048030635,-0.128698062601056,-0.125829403166734,-0.0409933082064422
-0.18838391623765,-0.173045092761514,0.0128280628856979,-0.269280985244818,-0.211125592828154,0.0475108525482654,-0.0250668581456861,-0.0844013770643373,0.278924657104817,-0.124210822024955,-0.156487884117753,-0.0308552305156654,0.0506103957104799,-0.0387673632064438,-0.039607411443251,0.114845750942422,-0.0734466403850456
-0.0794005632094722,-0.037636678854206,-0.0787321636862796,0.212780381094176,0.285006060611608,0.0803015493971597,0.0303877464231711,0.104491641589116,-0.0414492589047942,0.205162258650695,0.389694192580514,0.102454887413382,0.249064640269128,-0.0597503847955614,-0.122871566026235,0.033399841223988,-0.0221351857258659
0.0773331423354439,0.0110687455892023,-0.103488390252667,0.270760156127411,0.403715460902041,0.106733141093397,0.10978661772337,0.126413887808117,0.0106138699409576,0.267643790729029,0.440618061953505,0.163426017494258,0.337371409948444,0.0121554511866367,0.0214819739520021,0.145787825474723,0.0764690655597658
-0.133285758311334,0.00278501150006628,-0.194554765320672,0.104677370340517,0.109863738773566,0.0226817410337741,0.0403398759893376,0.105240356932412,-0.202826321120275,0.00808885728154927,0.152097361533593,0.0272099882539238,0.192207712924818,-0.00101815357579244,0.109068835765743,0.103105800674345,-0.0797661791336994
0.260777250935103,0.261049674788845,-0.243898361901223,0.230830904087643,0.284718421176649,0.104260084745759,0.03821604342225,0.0773734001461382,-1.13467926160185,0.180145503256834,0.202726451032352,0.164736849363926,0.138805953770293,0.193223726946747,-0.110822998842184,0.281235156202016,-0.00491750572072808
-0.0201910250930337,-0.00977342783955986,0.036267193247047,-0.302543487561406,-0.205967431030501,-0.0146408812464794,-0.113880300177213,0.0366126921578137,0.326039084816567,-0.155252768960205,-0.366804291417207,-0.0618213262042869,-0.142356424072751,-0.00922645579247072,-0.0101387085795119,-0.00421158829817045,0.108493049079893
0.0597863330913852,0.111446192047904,0.117568450117363,0.393296780549279,0.372235450532901,0.0388202897810291,-0.0309959956730467,-0.00430402001858689,-0.0656896209466168,0.12887036282592,0.15960174195738,0.0601541224657643,-0.0491875854478897,-0.0847311919592289,0.106583285321356,0.149308790245057,0.10513256758004
-0.0622565387460659,0.0959445533634982,0.206031339128293,0.316800087040282,0.14203217625171,-0.0680112752414775,-0.0745061880261353,0.033693024166673,0.137772186418762,0.145837976343054,0.0102374149183558,0.12190087993825,-0.0168179913434423,0.112549587022847,0.1821772054094,-0.0552492196713535,0.0255421098661435
-0.130505314690841,-0.153624016091036,-0.0418690040659222,-0.3511397247763,0.0862389992755239,-0.0838288354666228,-0.117127684343148,-0.18695002205984,-0.360085896576185,-0.0143458092230916,-0.0109671160589348,-0.138227472903768,-0.053338142087746,0.0595623291510313,-0.135281541048466,-0.165526906857495,-0.229942225117797
-0.0106204336407813,-0.012523320407686,0.131358007378052,-0.341250953457416,-0.29403972197302,-0.0577756163080881,-0.0953106871578557,0.0651713869246703,0.365776712653332,-0.132781043856758,-0.170541709874956,-0.0497084710890541,-0.233806898389192,-0.00603440130587246,-0.0339992853538549,-0.171835248161447,0.0929545484570685
-0.0606608133741239,0.226827592763039,0.171625612585676,-0.227835475663273,0.00611604929367165,0.0140291296560232,0.0312660810868696,0.119525196233783,0.388416477127159,-0.0505071602369273,-0.0714424054883383,0.0290240291664739,0.0629534540767761,0.113891922475989,0.139284531013525,-0.056023159640399,0.0229420460482287
-0.149431669107122,-0.277735061657222,-0.0615536835282812,-0.26527820932934,-0.263691092612004,-0.112637089569759,-0.0135570259727059,-0.121745529770276,0.243801240093439,-0.156420346763264,-0.189588304170598,-0.0545516818226163,-0.0786936250385415,-0.0807338248919728,-0.0199186308842417,-0.0673694909849252,-0.094745854219985
-0.0523890591131225,-0.100025961943673,0.101909924340348,-0.300983946926769,-0.296166774590549,-0.000427384799674051,-0.0455151726232562,-0.0202458573232845,0.357007922882358,-0.135766109089503,-0.211036643663486,0.00851761145855194,0.0281504568002297,0.0234574612035496,0.158992936954515,0.209577851683802,-0.0266843559995979
-0.089585381608998,-0.142225399497897,-0.133050108018287,-0.122849144033919,0.0470348093970849,0.00355560306354554,-0.0385987872158773,-0.051994503541941,-0.0923613969703139,0.0763114193737215,0.250224490361227,0.115134225990922,0.279352228174666,0.110484286841498,0.178952476422014,-0.139431288724964,0.154328372730574
-0.0505461934597034,-0.0832131007675232,-0.115618043370653,-0.150429145988024,0.020777062328815,-0.0337315724525244,-0.0632389315193984,-0.0728160832348734,-0.191863235340531,-0.00989295010847636,0.139819709571139,0.0276096686204732,0.195527056952653,-0.00692897869963625,0.133031386103045,-0.155712132494594,0.0911751437410605
-0.248897693998208,-0.268370590381906,0.230557907272227,-0.00669495929094467,-0.0738693562085365,-0.0316989523383085,0.084985144207977,0.0933789613294138,0.409908439868831,-0.0722591989690879,-0.0893236109707111,0.0446378263714702,-0.0257400195410473,0.110152424443629,0.121931508173496,-0.20209071072777,0.158188870355837
0.0595997800319951,-0.0236560584739757,0.114391731474039,-0.118493774087234,-0.182463688794527,0.126524321654449,0.106098586139453,0.0100839142705883,0.411582094394907,-0.00761292357696877,-0.0387015967337001,0.0699677015322127,0.126902902344296,0.101461644102574,0.149082922925115,0.00313535133062477,-0.0298074226328132
-0.0215375068178038,-0.114422812134062,0.131749111998986,-0.364562448915637,-0.341299224666222,-0.0134846142370773,-0.0717695313975663,-0.0307806078084154,0.278708839714981,0.00692839674497788,-0.273335005263956,-0.25956375682235,-0.648678837617988,-0.0560703719693771,-0.239632291974182,-0.0448815975616641,-0.0813054697744557
0.0428052856107129,0.00133575073164266,-0.0476039000101747,0.039880571205415,0.258606561911671,0.0852573522484101,0.106385408013381,0.0754172754522768,-0.0803270953408267,0.303655809573243,0.317037269973384,-0.106776021909846,-0.19711637887766,0.0369291947197852,0.0252914371550886,-0.202863062109417,0.14154699682556
-0.0752786881578428,-0.118529242148561,0.0906879658319766,0.427560349371992,0.248570971352871,-0.0475819980091767,0.0153152486654373,-0.00616538066108666,-0.0534860601639621,-0.082781967480814,-0.16738593714381,-0.072411771717413,-0.151846261720526,-0.134806977250686,-0.15372762301345,-0.288835887601406,-0.244012904928725
-0.0481565982530569,-0.046928270851347,0.0432197002259272,-0.169974760603434,-0.154814162256414,-0.0973601984583641,-0.0454121042055412,-0.0928949119530172,0.280556376352655,-0.172578506211232,-0.159942876569756,-0.0342202558448238,-0.0314422106319477,-0.0270282373219312,0.00919171367823386,0.157514743288695,-0.080659383436734
-0.0784076153333405,-0.0843757054834433,-0.0243502665804231,0.108045181763589,0.0542078142295238,-0.0143266455564925,-0.0846544261852685,0.0432321308698441,0.0046253280248729,0.154170518494077,0.0772078302315517,0.0524541693974921,-0.0193111243117529,-0.0477996899261901,-0.147208135983197,0.1070467266693,-0.116139360200076
-0.0133844452006088,0.00915192596865471,0.0263155797475285,-0.147359572708651,-0.224975578443276,0.0634016193982692,0.100659034311494,0.0429799762106398,0.304525745800006,0.0997509464816163,0.0865446615319177,-0.125320350708705,-0.180881514934558,0.000655503773266167,0.0462575584721391,0.145580593615097,-0.0265063113008389
-0.00800760245308942,0.0815352648300751,0.154128787726383,-0.345214069698631,-0.344149417470121,-0.0369551486385696,-0.138942121680482,-0.0836182368337841,0.357021636376775,-0.195768063015585,-0.34338069814074,-0.0350537167414561,-0.244564964209501,0.0183462815484064,-0.0911094452994873,0.170859688467545,0.128448533119797
0.116144449086182,0.0890792048405738,0.311812661972892,0.0176004983226536,-0.0791315717609887,0.0472624160326506,0.0865020377102553,0.0588774054005488,0.366234490615669,-0.0939269573653006,-0.158004616543108,-0.0589558450797719,-0.15764677302864,-0.060150615905774,-0.30290402259444,-0.270148929008472,-0.0706144182167799
0.167404764790013,0.229146692499073,0.397008207082129,0.211967869093746,0.089551917582277,0.130657799989353,0.154042951699939,0.120746188967468,0.470972872186091,0.0157105758101448,-0.0447511312093913,0.0448774596823239,0.0259372548278307,0.0576762349782813,-0.244819990188642,-0.234176106283654,0.0400236944480587
-0.119220858787669,-0.040179874015244,-0.0309114878423254,0.323025084332601,0.299347125943879,-0.0359200931361475,-0.0445903653736825,0.0820838970171185,-0.111345151026618,0.0893620366716249,0.0386137321481347,0.0403724376638753,0.10778610560707,-0.0790462663321337,0.11463158428526,-0.148563597827915,0.00227319774757983
-0.0269397207083197,-0.0692161954762671,0.0330227045141212,-0.0531081672106837,-0.149426606710047,-0.00215926220835862,0.0589118580655172,-0.0564153548078984,0.322899444523655,-0.127897010101616,-0.192013333813673,-0.0177323787989696,-0.0411794163619433,0.0462098993539359,-0.144937159353262,-0.0304033243156968,0.100220405325666
0.0913365853034217,0.0329694902069733,-0.140809405549519,-0.473325353227202,-0.494672657611249,-0.0368934472508194,-0.107454132237217,-0.168482869942406,0.207834847304114,-0.204796505904927,-0.210757489535364,-0.110361510084163,-0.0636814505712248,-0.118150587949189,0.0177386786164387,0.0882568879256355,-0.192812009203152
0.155114188003378,0.0285299548210445,0.0362291407358135,-0.188332271700219,0.0685491341165214,0.0562011620915953,0.113051833084533,0.0805177807055913,0.357404263945251,-0.0460351409238978,-0.0176488574447436,0.0280114403825778,0.0403450588263502,-0.0916893008085303,0.141669527338495,0.0053264235316756,0.00963369754696918
-0.0118390189291281,-0.0111634263885704,0.0450468809708221,0.422864584898454,0.107357499349816,-0.158300065265486,-0.0550123640680001,-0.026036147017115,0.149182964783699,0.163770295556879,-0.0216173239330881,0.164676741433611,0.0166999679085145,0.014022339772433,0.162066002999754,0.2331039157955,0.0814046935730371
0.0014752952585932,0.0746333869029386,0.0252858858150767,-0.126794957045954,-0.180421992756451,0.021573943428813,0.0356482538196873,0.0444592248012078,0.273553591110337,-0.125149721118665,-0.100495103232872,-0.0657319783369967,-0.0739118591016627,-0.178103997473089,-0.0419924436046101,0.041774531713783,-0.0149501213632043
0.13119541798945,0.066486958951148,0.0623500205494627,-0.120244809831864,-0.263194527338863,0.110587421359233,0.0537179565531966,0.0526535815103306,0.297430402233447,-0.123719753574425,-0.0592341825900129,-0.0414671908872843,-0.0115958734092896,-0.159354487978148,-0.0217983202535443,0.0245111925219221,-0.0393573814673947
0.179665837008343,0.129279951411416,-0.205576035752351,-0.138898406562865,-0.169931130703334,0.165052075657626,0.0462976798313727,0.0768984386577107,-0.694266584573709,-0.0313378840857935,-0.0738435211790842,0.0462445581037927,0.0407182744516852,0.139282971063781,-0.0274115423557495,0.222415588942311,0.169486971048353
0.167461661306673,0.122619208785072,-0.213146974758681,-0.12748300831192,-0.0878632775330753,0.0667962383983255,0.0496769839655968,0.0327830655180064,-0.748787964279315,-0.0180979264821187,-0.0506323528185563,0.0346618308942512,0.0253853433050226,0.143915293060831,-0.0619959354374054,0.176806900897893,0.126768324909498
-0.00830794428354988,0.0541953859069421,0.137739951304025,-0.308714763729062,-0.343134761960946,-0.053931710442079,-0.0769455861962409,-0.148616782422645,0.345151112665042,-0.23128825702823,-0.417187550142426,-0.124684655009524,-0.339609850715805,-0.102148779550994,-0.0937087775050635,-0.084780524890407,0.0485363605162205
0.073845885112066,0.0771473943341861,0.136605224921036,-0.114223572305309,-0.30049908141492,-0.0704150784796847,-0.092864895062948,0.066325533866616,0.353965492659541,-0.147186545792679,-0.371255977168822,-0.109970197242403,-0.308631884018784,-0.104919160982514,-0.0371852963352496,-0.0774019042455131,-0.161987558946329
-0.142228455986708,-0.0235967181958823,-0.0406830450879374,-0.40136914666985,-0.133665168301234,-0.0772402448826243,-0.0764822112198847,-0.0300339691263361,0.225038308492316,-0.105067195863679,-0.0670751668037521,-0.0751466669401322,-0.0360244662965269,-0.044738629473069,0.0446068998056258,-0.403430198072859,-0.192817394064933
0.036328945710979,0.0612745345457103,-0.0493846931801312,-0.24117327905263,-0.249552941206402,0.00359771186153993,-0.0164780815468906,-0.0105567788907537,0.213238471276052,-0.176580186489044,-0.125277412320916,-0.094366150354363,-0.11517068813608,-0.210637279593295,-0.105087058430239,-0.0594398453729866,-0.115099983537905
-0.118376518601229,-0.180291712152114,0.0370293666587612,0.359025626714086,0.394876510536714,0.0449317830417931,0.000821332740072721,-0.0308794710692461,-0.0380761728099946,0.167821500480203,0.298643694885949,0.161738142582568,0.301998745488945,0.115027073083253,0.191238802310969,0.0468039419716859,0.160562572983733
-0.163325617362181,-0.170726966850023,-0.0445915786818484,-0.142405040454737,-0.263670525901851,-0.10933165352518,-0.125526413538566,-0.112271935230068,0.172164650357096,-0.0801017143809964,-0.184310971605847,-0.158239928663579,-0.345878780232923,-0.176545617404971,-0.1467950552935,-0.316669884624214,-0.0636405858150149
0.055941227484261,0.109580691867573,0.147641210813032,0.100687123256135,0.0889089371456417,0.0449465095528437,0.035723078962167,0.140572267083211,0.409784231257091,0.055043873484309,0.024921667773415,0.0518043373971688,-0.027272250285398,0.0582007727452216,0.0320202351017452,-0.26949887933432,0.0899100869534244
-0.0701248435556365,-0.000789657462069965,0.170429931785022,-0.0480694882765659,-0.209195371191607,-0.144520347091255,-0.0768616292611387,-0.00791194801483341,0.261542616255093,-0.162882016838473,-0.264127432055345,-0.0423631876320819,-0.0729212384396515,0.0184477188383765,0.113934095712044,-0.10787041411302,-0.086741005992356
-0.173660634327372,-0.0772354958955507,0.0744987275424214,-0.0881195539323425,-0.23953152752611,0.0358202160341283,0.0189012866818135,0.0424074334533758,0.329695335348812,-0.113246674608047,-0.206624842765848,0.00882231058827497,0.0344307248062177,0.0802210422132787,0.13595909372997,-0.153644749381489,0.0169000312251609
-0.175138457198305,-0.0262551812564411,0.155076858623058,0.12230426403594,-0.288902412334976,-0.142756842210593,-0.0758385931018664,-0.0430560070348365,0.253090342888933,-0.181070210653062,-0.319657008883292,-0.0747097700580955,-0.141062339041314,0.0202289976795458,0.161820487553967,-0.0299121052546246,-0.0791271419343886
-0.127133164403984,0.0318547266259067,0.252770632047215,-0.139768117680807,-0.354676580427116,-0.257922680337737,-0.102987694562859,-0.0611704158025564,0.321809164377044,-0.207356229095386,-0.366864185024833,-0.167930395617183,-0.707300265295327,0.09278428712107,0.12878199667654,0.135169723089417,0.0869440094500405
0.0312180669571096,0.168437321818707,0.237835651738153,-0.212782029453232,-0.0545768789173882,-0.112534547019238,-0.0362821835597872,-0.00292591824446312,0.178983478571291,-0.175484127012419,-0.395959137484746,-0.178995492079825,-0.358380873549015,0.0325548639681134,-0.102219325842981,-0.0175548147717307,-0.18346349342854
-0.142492925968078,-0.117484785023913,-0.129668227954762,0.0283306498327268,0.0843923456220999,-0.0378138237378282,0.0179916171653582,0.0273414670718875,-0.166616590915215,0.00449880797983323,0.134888378501775,0.0309943940864662,0.111778559032937,0.0667614251139093,0.0123333429709772,-0.089052536258078,0.100624475379658
-0.00642983814198219,-0.0404011451363245,0.0127995050174529,-0.0836535713832288,-0.00993043457261212,-0.00202685195941782,-0.0903743018891144,-0.0452114038436394,-0.185350868823247,-0.0248233580760894,0.0592954352033218,-0.0274920191682519,0.0287971700587868,0.0165503015517023,0.00509389151161601,-0.240707587149711,0.0525376472329829
-0.164638469433716,-0.0719534622549141,-0.0239001776753745,-0.361125097476929,-0.168958262220509,-0.129171309474092,-0.0497168319368435,-0.151290608129061,0.243636444849395,-0.182551438288612,-0.121170714471377,-0.0653896657553301,-0.00764203386114512,-0.0846662546209994,-0.0399632432347157,0.134254828659116,-0.0784389521048264
-0.126944317722807,-0.152696720478813,0.00651034884037657,-0.231539073136246,-0.202784884990359,-0.047098915770732,0.0242596739911436,-0.0568765627791253,0.329806697514306,-0.0999110460655758,-0.159231641087533,-0.00432369169201848,0.0210884861030437,-0.00497155181478577,0.0970907001610077,-0.0581259107276663,-0.0836984134902884
-0.0565016809870322,-0.136501204740332,0.0203213826832712,-0.317291705907088,-0.238366706218456,0.00933382707475498,-0.0188290855806376,-0.111834154880309,0.338196299283872,-0.0755399959340589,-0.108261343914704,-0.00157347200825997,0.0185080613282125,-0.0196347185579723,0.0125120621521688,0.202600832370855,-0.073708197454349
-0.0733605682049297,-0.220134568962342,0.00898386630930061,-0.248981275807753,-0.184163241582055,-0.110623017416347,-0.0632748451238756,-0.0663259133320567,0.296563945576512,-0.118472651248425,-0.133618194256831,-0.045982842213788,0.00306082064028273,-0.0773111330057958,0.0621571684648889,0.151284699338254,-0.0608953915254751
0.00971301821028881,-0.0782134637154224,0.0625249928910858,-0.319737460383171,-0.296323973414469,-0.0346420435521155,-0.0306504567047492,-0.133232466940512,0.263405158675604,-0.146592371507669,-0.109436249757377,-0.0422763541956907,-0.00714244905065336,-0.0354401012526727,0.0921282259944212,-0.0234364534076772,-0.0802102075118105
-0.0145132238621895,-0.0872787979425384,0.0520533128923132,-0.195279416645311,-0.411022462587229,-0.116706022844803,-0.108636972185387,-0.120775486468123,0.234408518579385,-0.187184462962428,-0.169932057720498,-0.0860520623892057,-0.0543184618564432,-0.0797001513490682,-0.00362138546777179,0.0400589354850824,-0.167603579465692
-0.409506612279916,-0.461311960518568,-0.0657303867631364,0.0558750279488625,0.165988105469826,-0.0644935058524115,-0.0795838780269944,-0.167995121878492,-0.25701353600371,-0.0271828395811649,0.138005472930879,0.00411928564142839,0.082846189150149,-0.0751011771280973,-0.0102788245183465,-0.612974886360387,-0.224029243795813
-0.131392297634649,-0.295339648999004,-0.0450833322758874,-0.606142928529915,-0.613801815089564,-0.0805606954078998,-0.142598863154819,-0.253539807098486,0.142168485265989,-0.268192296722557,-0.264116660673727,-0.180885172359942,-0.118580921360506,-0.160748542325708,-0.148760672542412,-0.153680021948005,-0.271856379717416
0.0209726332831736,-0.134769277092284,-0.031799924731491,-0.519461690218376,-0.436750624092169,-0.0313606878743446,-0.105971900994271,-0.160554359968951,0.2439915618444,-0.18265741972171,-0.165725608873584,-0.0888412126584187,-0.0702559152572033,-0.0973009453195529,-0.0395152535108726,0.0354090905993923,-0.0711892793607319
-0.0294632550751371,-0.167965062227431,-0.250404717584509,0.196059139491666,0.345411960495388,0.0217352337438595,-0.0357874518394348,-0.109753976767694,-0.191799545793234,0.0553102040525839,0.217888206595119,0.0740077316450882,0.211542557709141,0.00177651122586679,0.0174366194780744,-0.0236550062747119,0.228592420042669
-0.0985063541901319,-0.0738320461002684,0.0740371342402114,-0.116885638422343,-0.39629730536304,-0.0465409587144507,0.0533405961722161,-0.0793624464936106,0.322999191070855,-0.0936428822790769,-0.101466862207341,0.0118510024853413,0.0381786619079657,0.00321113568346034,0.0408343724096552,0.143340214444396,-0.0741675840777748
0.038281845757419,0.0394197152921954,0.231320996321463,-0.36220679423445,-0.213576364893618,-0.136922847745508,-0.0058401368133698,-0.130660921164256,0.267837001199001,-0.136687409215779,-0.160287854013223,-0.0326896977813792,0.0528539415289538,-0.030564671982751,0.0278669122476731,0.134833102975382,-0.128449574451187
-0.017014940843842,-0.224286166200038,-0.0297070911028645,-0.237572841568079,-0.387541172045103,-0.0627539586163268,0.00446906477834534,-0.111679075790982,0.243199969033766,-0.157563846715047,-0.205839457144203,-0.0461623717436247,-0.231037056434553,-0.0684462200338672,-0.0131695681434142,-0.123714749319253,-0.0640789767404076
-0.200213255448587,-0.241169960325209,0.0482562187488555,-0.495642940702451,-0.387245468475877,-0.213957228425596,-0.124869796937347,-0.191844613062023,0.156959548255493,-0.225538411030268,-0.34985135174581,-0.13344463917875,-0.0932148507982829,-0.119610129863443,-0.209094488177822,0.0378650532634541,-0.226894069085487
-0.205119916334663,-0.281437717968361,-0.0373378167838084,-0.468514018056164,-0.184421128124628,-0.146195120676126,-0.0334362531831887,-0.124642044239503,0.248718764285429,-0.19315963961304,-0.225297459524331,-0.0668677113386841,-0.0331479403935937,-0.0604215127467004,0.0464882457759999,-0.0823069921347766,-0.118061534893697
-0.041102496272877,-0.0343689326985046,0.16871375312631,-0.199135286940373,-0.181482338888561,-0.0142800121557195,0.0684141864224261,-0.0104433269582007,0.352519995256841,-0.0550785978856097,-0.0531861880529307,0.0345378612988997,0.030832851807505,0.00225281158906873,0.0412452331029337,0.202980753979787,0.00832457454493568
-0.183720656114462,-0.106682995685663,-0.0891351036457995,-0.33375115145651,-0.506584050563062,-0.131277109214834,-0.11085448210144,-0.23102856055362,0.162664993414277,-0.230028620620824,-0.291210744633016,-0.126665764669262,-0.158704488851457,-0.126961838614511,-0.0242589774288,0.209070417284983,-0.154657637616451
0.145590683139406,0.162304650978983,0.271110693284118,-0.00677096164643693,-0.0869256349310862,0.0918927691671431,0.137734958696093,0.133101673623295,0.494424865243013,-0.0101258350129531,0.020000676709021,0.109310136470088,0.191596679422572,0.0759620720129969,0.12227302269733,-0.161348248084614,0.163521384392868
-0.0383541518506113,-0.0357216362565374,-0.0406968113258621,-0.34952280230987,-0.445108558641389,-0.115030796109187,-0.0666807949056091,-0.177159897598296,0.157050928564797,-0.21386112535078,-0.185367352708487,-0.114834369072228,-0.0892130328626796,-0.101983382157574,-0.0968841511463292,0.122634393444851,-0.187860242419918
0.156712189727317,0.201044249597489,0.0535465671677997,0.113723952988689,0.305449286168778,0.0196206679190626,-0.0747583163289092,-0.10008968963659,-0.189145950035945,0.050180055281743,0.166419999895856,0.0309375407280464,0.0937667386996648,0.0647870012706588,-0.0506644517242511,0.174193756585417,-0.0138509104253796
-0.388207950986518,-0.150769026843485,-0.01516268774907,-0.495322543848363,-0.359678147647455,-0.00786366599387366,-0.0377931232620588,-0.141573707489127,0.19410966988588,-0.220109542888008,-0.212760941201377,-0.105347069744494,-0.0234393293201209,-0.0940847409142542,-0.0376861190244633,-0.126866143352794,-0.219310316351797
-0.0081949074572824,-0.186456156287698,0.114126603171307,-0.128518018218633,0.0265643753638976,-0.0419098804980648,0.0521224120681615,0.0173303304143678,0.297199721855576,-0.0736615230186976,-0.107314175758534,-0.0481940440702662,0.0288736481718416,0.0705494687795285,-0.055975054795736,0.103009321915308,0.118215045631205
0.0298366321050053,0.111850393910611,-0.0660621157512341,0.0697611239597938,0.304628533241153,0.0120558048414988,0.0597538374571613,0.102871699504875,-0.0908180505770967,0.117876480742027,0.250565294055978,0.11557670740153,0.167779150190413,-0.131664217270607,0.181455043294545,-0.019418056548416,0.201019952808244
0.110507360094208,0.115191518348566,-0.0348775392937561,0.378323288025008,0.356005842662248,0.0447632226763146,-0.0111608343837543,0.0740367856867303,-0.114193958999295,0.128578650380429,0.212425314126192,0.0732956374758456,0.113646149322648,-0.0246980740701744,-0.143309719103,-0.0216713304172955,0.096978123621058
0.07118255191008,-0.0363806319547872,0.00746661209642939,-0.424030425177112,-0.281023014581241,-0.0390379637739817,-0.0147501731780688,-0.150088186351845,0.221695539172458,-0.198580448926102,-0.221677851635067,-0.0762053714175601,-0.0701310746306951,-0.0538494899140638,-0.0437113617953587,0.120377852300715,-0.0661724107076487
0.0927499829480114,-0.0225074282799573,0.0836956631152211,0.163497568648618,0.254927729985439,0.110645116093913,0.0599403776206415,-0.0362094554458034,-0.270069896052106,-0.0579343875216988,-0.00419118545774049,-0.129937664673088,-0.124610165528925,-0.0874696617809913,0.000486844510508407,0.0458201126411908,0.279097941407762
0.19031122351233,0.193890035399764,-0.0381159078789452,0.334094055449211,0.367079688127569,0.0208784002838088,0.0750128796812212,0.0309660626593313,-0.0692385234143997,0.144936257812121,0.260099508813084,0.140986086627027,0.261004338464906,0.18917450869653,-0.028120277323706,0.288619261066967,0.0603876893290011
-0.0935617351008486,-0.203229873531663,-0.131895559838827,-0.124586382699725,0.0867910828888129,-0.031090692385883,-0.0879647110126274,-0.170902842118169,-0.259200819433152,-0.0183541352225175,0.0987800589745183,0.00164641011398761,0.0654406323569373,-0.0783163710786622,-0.0774571674181282,-0.317822457578637,0.0560295027807098
0.0169017332106319,-0.0417521553442156,-0.0952532112393815,0.142964079247186,0.277737349669886,0.0696859731096664,0.0596111944916948,0.0184183987173932,-0.0730374339363842,0.0809476287214529,0.1854908348358,0.0847873538089072,0.212323649176716,0.155770875091711,0.0360524742806408,0.0902573555692802,0.095211760677126
0.0181846584753313,-0.116992631184544,-0.0724504378425694,0.237785451145836,0.150074196244901,0.0975356941384294,0.0831135712877663,-0.00654411836181006,-0.125995973812863,0.034367313586028,0.12089345062414,0.014850964479415,0.0948705392564795,0.120514943081022,-0.152087032476825,0.0405220829795035,0.186169568290765
0.0526533247639928,0.115797079614589,0.0526547157262004,0.272726204545215,0.0375039149063101,0.0857873659446363,-0.00803286135602399,0.0393927293776789,0.0634077325276593,0.096312126479259,-0.0301454939730054,0.134990049856678,-0.103490580859055,0.114307886733678,0.100661307193744,0.0596479387481639,0.0618832629315773
0.0402629913532158,-0.0668511605785597,-0.109257440307138,0.265918046056067,0.347699953549615,-0.0154344270919673,-0.0120367079983202,-0.143635880355718,-0.181183052701153,0.275613767077162,0.290017793002474,-0.113523209162116,-0.165790330858973,-0.0136310465339073,0.020852428477149,-0.0455562625420941,0.180245691952633
0.0227643586314258,0.085204259906857,-0.0384272872144498,-0.175583607354229,0.0220787340489015,-0.000253697093078503,0.00587342899072874,-0.0310869812023105,0.354495885017048,-0.0737933729153485,-0.0517634718123741,0.03757831296934,0.0704254509075629,-0.103394675486365,0.20153563983423,0.158257526856274,0.0600006070204551
0.100245336286913,0.14077721014937,0.194791045168286,-0.00862809630256288,-0.035409279363598,0.0868143621855034,0.0692010203648343,0.060244801641113,0.312377199742739,-0.0255717030074579,-0.0452351815651548,-0.0493620731142322,-0.108739630294337,-0.0324455339193995,-0.0625669423674496,0.0135633106396036,0.390875363699412
0.0236870642827952,-0.0549734424055404,-0.0518226943087437,-0.0415753157794615,0.150022384679866,0.0788767780493609,0.100140845479021,-0.0231650823114176,-0.125397597984487,0.0552205639521244,0.110137191831125,0.0233168943496681,0.0837376354387543,0.136509026148545,0.0284769320111825,-0.0400390199070036,0.0495044901181419
-0.11933374702765,-0.0738059594110056,0.000958425598432409,0.156416709363318,0.00744400094354859,0.0324891703478541,0.0399190491292609,0.0156362259466501,0.020499078301109,0.0932793046641966,-0.113959268594767,-0.00172504584901044,-0.153816628134141,0.0272445271926003,0.150877159889789,-0.0429546108468492,0.268732825481372
-0.0776206026111712,-0.175160970217027,-0.127220335341702,-0.0408689318330599,0.127771538363912,0.0713665888661767,0.0350776646557376,0.0420398704784583,-0.0534628548383916,0.124271756611581,0.183210788918492,0.128877388580999,0.330351662561108,-0.0187823804298182,0.071353986658147,-0.0155911197995511,0.209901774252076
0.0359606052898027,-0.011204711182713,-0.0933045919842155,0.0617202207030176,0.301547769454262,0.0458250956319994,0.034085699942527,0.00589872254325005,0.00835131978040842,0.204318203134781,0.284648327008398,0.125304474167118,0.230238929663252,0.0216513333063008,0.0444185652618673,-0.0716000325055963,0.060448779249294
-0.0679553933702663,-0.0230420002312758,0.0550513114180105,-0.439668461864676,-0.435772357510676,-0.0965045214469657,-0.056554728806803,-0.149869044048121,0.240542991414903,-0.192201990321688,-0.0969501349073314,-0.0676229016547262,-0.0506050887255933,-0.0788715782777709,-0.01123804028705,-0.0982793476485867,-0.177721829119235
-0.230734073967893,-0.160349497137212,-0.146369223671846,-0.169393860847707,-0.259703857811373,-0.132756551460218,-0.0954961290360082,0.00394567297023284,-0.235485437086191,-0.192706280770571,-0.327636062436817,-0.269957158337352,-0.541199809764181,-0.0237603559389808,-0.0385946661118303,-0.0685485201785218,-0.0388071957594658
0.0502699811501848,0.133635719203898,0.213500651571701,-0.151834129887132,-0.181258238261333,-0.0491175581263431,0.0404744956556874,0.068970133988156,0.537711917943292,-0.00592940819928804,-0.152590360245811,0.0609412650404072,-0.118910419199844,0.181780121866055,0.213544312274586,0.0854265934528421,-0.0237219432409948
0.0696674270568684,0.244366018638157,0.127419108778682,0.284026694544918,0.400546627996751,0.000720109920930963,0.0809444340185193,0.115311443864514,0.0179631464599869,0.25417995309517,0.199523761318422,0.170212834758826,0.227997390476707,0.179019971767869,0.206746186123609,0.027968483536537,0.0727593840991011
-0.00630668281947061,-0.179099968461219,-0.066175383584944,0.32088344222576,0.3732749136893,0.0186996249817067,0.0033954527393117,-0.0667730449252068,-0.159694320702408,0.270545932680447,0.301405788720878,-0.137294010024439,-0.159339554403856,-0.0477741398238384,0.0585619730902181,-0.283730851627356,0.193074534220519
0.0855687679008401,0.0997113883187812,-0.132804823229856,0.235903430864763,0.311745560192337,0.0896971066924023,0.0465318525023239,0.0221371957883247,-0.0444286279088182,0.184302180018439,0.277639229800877,0.108108311474474,0.195087619117531,0.0117141855892652,0.132922238639846,-0.0212529691603919,0.130056911419971
-0.0621454872946135,-0.0663133817149502,0.0669075397839082,-0.475952264624214,-0.224088067790137,-0.084644884731573,-0.0735967284881616,-0.179272647187854,0.177691885065369,-0.202919240150095,-0.178648676037957,-0.0873329013591421,-0.131812127172647,-0.108960283679622,-0.0483302810947449,0.173429494482725,-0.12589877232945
0.00132971128081264,-0.00392424001563117,-0.085765162761439,0.221936748548478,0.21902716624999,-0.0528419879928834,-0.0230219846577984,-0.0305281864037888,-0.087432558765618,0.039396105700493,0.167115180825648,0.0676926422736833,0.193502572416285,0.0388551274866335,0.240136278399556,-0.0656604027462326,0.112174648769447
0.0297954441959731,0.0271291662074671,0.0422396454659138,0.219012718793779,0.156562628936592,-0.0946958550307372,0.00159578481578476,0.0559775831544374,-0.152535274594674,0.0340100557277717,-0.0772385918797122,0.0148281494695774,-0.017725270073156,-0.125292206319762,-0.15431766633099,-0.056471579488682,-0.0963901708602255
-0.0705650533313886,-0.00608807170388383,-0.159789597750035,0.228933753920002,0.139587105834713,0.0484744038737414,-0.0927692496888485,0.00112079639702551,-0.208403557809521,-0.00318496369154274,-0.071739345684838,-0.0742733031701128,-0.191310941235379,-0.141295276246515,-0.022559560082653,-0.319142572565882,-0.0906171309937397
-0.127971281997849,-0.0429184453577188,-0.0122319268955401,0.122663364202423,0.14471065554734,-0.0763200124951611,-0.0863493657109145,0.0477858482532493,-0.175962931156547,0.0434202251714356,0.00294898444778073,-0.027957567493825,-0.0497520530829728,-0.118158106808898,0.0349283639835334,-0.316697308853697,-0.0723638901869988
-0.0983811881498527,-0.0481040082285751,0.128351069935111,0.31728848474447,0.308600755617778,-0.112887601410506,-0.106613470069055,0.024509568740466,-0.156049153364819,0.0594979324799747,-0.0137970257079869,-0.0185559560479166,-0.134398913455896,-0.0911538857205916,0.0545675240590219,-0.266520581738554,-0.0768230091708359
0.0051040040752163,0.0507039950749716,0.140999126863797,0.386407028132913,0.25421944616153,-0.0628780858095704,0.0234113876210646,0.0269248224584265,0.0933216741048677,0.189257787326926,0.186258911472551,0.220545660236544,0.316464469401715,0.164704805007738,0.194779541828912,-0.0837003615065075,0.130020004530671
0.109377773456595,0.0747988728416352,-0.145732896992292,0.185232433812392,0.249297179769507,0.0528171625968205,0.0522841206813501,0.0804399380526473,-0.198827530239814,0.0430285601873768,0.17653638842586,-0.033820465147976,0.0437978720222398,0.0570397036639863,-0.00423832843917236,0.194107287523941,0.109960724335349
-0.0463564132440906,-0.10449862229299,-0.112307690848047,0.203889213650165,0.409456717741419,0.019985653529321,-0.0290944424861348,-0.13493999566754,-0.147684627426629,0.291572627970723,0.337757902636192,-0.101159420767263,-0.0881430491489627,0.0147502898417316,-0.00596647680732762,-0.0211500644182743,0.114876135405481
0.000786235978710268,-0.13154735958379,-0.0305001583420641,0.174665630097594,0.230420303677588,0.106333574394789,0.0442545722179716,0.0513224225410772,-0.0692322002308604,0.171676842341558,0.293858034191708,0.0960223095982565,0.25259327980856,-0.0284446383669658,-0.0616563694509136,-0.0193434323483057,-0.0477673402563623
0.112786772501135,-0.0655881879251741,0.169095390662107,-0.0667725491163601,-0.273599972656424,0.0757736914861308,-0.0517833581030578,0.0509330477259343,0.335182022756306,-0.129076145573999,-0.188565719233258,-0.0173151338440814,0.0159973168725571,0.0213324440988744,0.066732148250096,-0.093725385592584,-0.0413737916468359
0.120386778621524,0.223747846959986,-0.0701789377259948,1.00949360081373,0.483767168855285,0.0512341924755599,0.0428381573395564,0.1265799630437,-0.241081100200047,0.0526124623645072,-0.0120779415391944,0.0624054863449495,-0.00548653097233636,0.10224539416171,-0.112939198820628,0.280705301816448,0.135101536445196
0.415640174465147,0.495397862421618,0.0533455430186395,1.22838721479209,0.35959527162855,-0.135251350744398,-0.15142951855269,-0.0464268452078212,-0.258893305354748,-0.0579020006984755,-0.244772463232959,-0.0673313510743726,-0.11559771333712,-0.0387329214002506,-0.0995395105990421,0.0820096606846767,0.0768957418056233
-0.107598355410034,-0.0574225548672261,-0.0686497157685381,0.152949430813807,0.284105531264321,-0.0220504136309478,0.0685739604048856,0.0885592046262086,-0.0782180416539233,0.191492982453741,0.352901732285125,0.0916716849068774,0.214214707542419,-0.0912324898980086,-0.0281134461245042,0.062187956487572,0.0465318051027683
-0.0521011132832317,0.108767331425197,0.125563908202652,-0.036149890831059,-0.0965744493911196,-0.0958951186227402,-0.0241580883481086,-0.0348214940314046,0.266199687481774,0.0516099709121166,-0.0860888339108423,-0.267442598208129,-0.331981105136007,-0.0191918652420785,-0.0692920275044489,0.0347226665750521,-0.237313997618135
0.133163092087968,0.112923261469115,-0.185472152114201,0.244003222684125,0.23434945961317,-0.0274076149960888,-0.0053844998633593,0.0266066737619192,-1.17261075823123,0.120689956926523,0.148091131244985,0.132981472687734,0.126557873037467,0.164566823295016,-0.0749516798584988,0.270168625877514,-0.0661329612543573
0.0384153735310789,0.099263262244798,0.0429261561399936,0.245591962846963,0.33404023947313,0.204788678291441,0.074775377173619,0.137427425431125,-0.0285343764032928,0.258410271918854,0.430374015654416,0.146138856439096,0.352309468942405,-0.01382246010062,-0.0302511502335918,0.104042456730306,0.0874148439354986
-0.0558398432301309,0.113408471844967,0.0702233297988089,0.136217179224249,0.0959644089228238,-0.0418815949217999,0.0501560539571586,-0.0329110600859277,0.0659504956836843,0.0915526387077559,0.0175859606896835,0.140517459178352,0.028592094137531,0.0457105233408399,-0.0283890584823428,0.210791273199268,0.0373622745059392
-0.037489970350363,-0.0345358297324001,-0.131143361710231,-0.0828907043105826,0.103055710937696,0.0985704183952818,0.0618693061095162,0.131112718401471,-0.0246247751432066,0.100186898629614,0.163826336696686,0.130852955745098,0.307625231325643,0.102517316322393,0.183649427028434,0.134667933250618,-0.0330847056912116
-0.160104974528285,-0.231849460605741,-0.133892200560015,-0.0279097688762369,0.0897108478640654,-0.0729303954392591,-0.0232736285047104,-0.0524268171123399,-0.243069025773289,0.0286036158272904,0.2111324271465,0.00288906130692246,0.178722704454049,-0.0694924355493824,-0.065354746816868,-0.194463138095561,-0.131780087551184
-0.0491974929134243,-0.0170824792980966,-0.0766607333032068,0.147029591340099,0.238093166238154,-0.119853483365338,-0.0694020480207675,-0.0249061291061788,-0.23411004254711,-0.00785399885101703,0.111449181465984,0.013581357579175,0.189356378176474,-0.00882997167407252,0.0616033012877112,0.0978640693426691,-0.155135373320714
0.0641828716283845,0.155088024848229,0.140737802301544,-0.172227068113247,-0.0387043573282986,-0.00982610755888416,0.0670342062320597,0.127900545840632,0.398928451983742,-0.0683803973980634,-0.123420955569963,0.0432474047723426,-0.0178777661320584,0.1333605101801,0.199664743900829,-0.342963453431709,-0.0144318894319665
-0.0194614428667474,0.0411191437222455,0.0795844724949022,-0.230368384381293,-0.288237614252732,-0.0998667521714236,-0.0506966653084069,-0.0478185128996697,0.381547710642309,-0.15716845716358,-0.296280210800586,-0.0353096763328545,-0.250028024961657,0.0186648042137826,0.147979993849306,-0.315703057568138,-0.038432249358909
0.00170380174992014,0.0574944569657697,-0.144327939459274,0.0524479314891427,-0.00421896857539658,-0.141643003714429,-0.0891069965980887,-0.048526626395874,0.0175289761250865,0.278391431847755,0.117831436108653,-0.111685599818382,-0.397738539009072,-0.11605139788345,-0.197237457890419,-0.00370593128835584,0.0465783522672582
-0.0322128984707247,0.075433844356563,0.080710092838665,-0.154350765673699,-0.0597613409827586,-0.00540729328875971,0.0430416352517372,0.0325936537175061,0.321204826155687,0.0975570069484369,0.0123121570227851,-0.0773403893343699,-0.131222777365499,0.0726571253931108,-0.198941550511188,0.106905556013094,-0.138596595689177
-0.234206969426475,-0.200978811966656,0.2242597751958,-0.0699604694337383,-0.0119930336205114,0.0689858610092031,0.0547686959284075,0.0771903915815948,0.376557945029771,-0.0929881312943861,-0.0995597040758122,-0.0377245866402344,-0.130304715340841,-0.0448730219388391,-0.225459543083105,-0.306155893073891,-0.00664062782367753
-0.0329587599473036,0.00323859010900724,0.0734430414923733,-0.396173003022665,-0.278385248286917,-0.132226601972124,-0.0237249888575504,-0.0599416779668065,0.22617969420301,-0.194481360242125,-0.161837057487609,-0.147335116353235,-0.240700598734666,-0.126714861632592,-0.216091770965477,-0.313869763951538,-0.11269699030206
-0.123677761975959,-0.155576802797451,-0.0077667269094501,-0.286704130856866,-0.281060433025102,-0.00495005888349355,0.0329307602365767,-0.0939020332385336,0.328318720851196,-0.0922603318916738,-0.0618713538923814,0.00989795673903559,0.0191079041252725,-0.0311805724705663,0.112923791878003,0.105318355161985,-0.0972151636733736
0.0352468342695221,-0.0461992941064876,0.192171096405326,-0.0733101990058407,0.0310185922951035,0.000216800195256698,0.00780009963936907,-0.0309857396257661,0.297346618193091,0.148781285247428,0.0684473435361585,-0.191647028597839,-0.229460862808877,-0.0730311208217768,0.0154207723169174,0.0238040918426473,0.24009751248242
0.120323565423088,0.072577432577596,-0.14669593373745,0.199318779609788,0.262582852052899,0.127880305183473,0.112996520486553,0.0938774210438466,-0.0437117663137746,0.334021172751358,0.343413838711474,-0.0944169763750436,-0.115456658339687,0.0891727716893444,0.00975532720354492,-0.0862241048583964,0.120420913360114
-0.120956696208872,-0.207038180812703,-0.187451340344634,-0.222233725276656,-0.374178249159661,-0.00259149277296428,0.00431987223555142,-0.0873565679682999,0.155754080441119,-0.0958610386395788,-0.0318974615531444,-0.0236574295892885,-0.0135258356583986,-0.0315386100539815,-0.0306038390088355,0.0194232190058838,-0.0216780753281915
0.0127265634495758,0.103094333712294,-0.0473405517731526,-0.104411761572395,-0.242025044998053,-0.0909619465482668,-0.0904005724108261,0.024107322634003,-0.00996557019983867,0.128010672615035,0.00203531376835324,0.074315251578183,-0.0869295398236168,-0.0354250998076754,-0.0216182889929786,0.190040586452144,-0.0377041629264623
-0.0282951786748342,0.0232614188482086,0.303523196308838,-0.121054604253164,-0.535462165280259,-0.0300242440677054,-0.0354742167964414,0.00970381940043962,0.389880355499572,0.090308387185834,-0.168884188945628,-0.170591323283704,-0.465427160879536,0.00603906044614143,-0.112876973039662,-0.270902212592081,-0.0318256628203582
-0.156926180046985,-0.110258279416766,-0.0265492605152827,0.0630350627424941,0.144068741920362,-0.101528028394468,-0.120957294146574,0.0824124810031624,0.0199517448215571,0.139645354387567,0.0839680212725462,0.0752585261593699,-0.0733060255313471,-0.00496689490306314,0.0217246897917872,-0.0716072676711203,-0.0352344843336079
-0.15759431773413,-0.108920082620099,0.171811375374868,0.052923014153322,0.0811456746853323,-0.0625843819183994,-0.0154536607152737,0.102900122538199,0.113845889588707,0.210685645061456,0.104721580187447,0.134298017108462,0.011364164129346,0.0359212109071722,0.00131735996662262,-0.0921421580133727,-0.0016276378169644
-0.0154509491873548,-0.175373045818389,-0.151706819486896,0.219418852241131,0.412306879664064,-0.0810601238191069,-0.00261650574494685,-0.0950509371411655,-0.173625255902349,0.288976041693433,0.316108914075637,-0.0908263479897806,-0.0788723720853444,-0.0451815490959204,0.0541822093265968,-0.160857270834208,0.216277243185137
-0.0498208417722461,0.0109479849883846,-0.0785936984181649,0.214476733370851,0.333393617365316,0.121679819639761,0.0708682826433536,0.00197045447971666,-0.593377964515157,0.146438664672284,0.234341358428058,0.105546467599585,0.203755104069894,0.0306839351095376,0.0132268061448969,-0.10433896060084,0.0292187456959938
-0.0157433979831364,0.0953293476781128,0.0889524711547893,-0.185668291294419,-0.0505796603454156,0.0306086113327533,-0.00536109700655503,-0.0126840663336715,0.30355364221991,-0.0626035857671244,0.0222761950763503,-0.000869939877225652,0.0369799900090357,-0.160902887726702,0.145904866773273,0.326636600356567,0.230734966269399
0.0933394385064695,0.0202167159035883,-0.206747888957212,0.134412831625125,0.42639650916858,0.0742079004468054,0.116780807532212,0.102012319225505,-1.48539510400453,0.19223063017762,0.46914068782351,0.137353957212097,0.394846435297428,0.190527506875041,0.24410947277021,0.0142422263685061,-0.106902050542309
0.0511931490860136,0.0410228248306195,-0.131521871340186,-0.00906059369751127,0.213143902994005,0.120109153694666,0.103839766911068,0.123275119086444,0.0368951166128511,0.208716480758399,0.355193721609519,0.199447262900803,0.291337747925055,0.107010360220373,0.106872079843766,0.354973631746904,0.131927425174023
-0.0840803594586937,-0.176588712810794,-0.0254606378336582,-0.0425495298753388,0.150076852878041,-0.001117160805544,-0.0906153122325306,-0.00760137691919089,-0.0838320220378542,0.0684867959298904,0.168677697829118,0.130843973809274,0.268243371613673,0.109013644032982,0.0823729846708563,0.0901809581983401,0.0862687624201492
-0.130961782795463,-0.17685405341974,0.066227015375676,0.116084548528492,0.0766009779477261,-0.108868517859973,-0.107800492704206,-0.0765049466487475,0.00541280573164825,0.192205038489321,0.154119598299042,-0.0759967006870519,-0.185494002642226,-0.0498966632976527,0.100708925941874,-0.139686823628575,0.0846637477007986
0.22954831647301,0.280983790506141,-0.0788718555899361,0.345080495532857,0.474414506824071,0.101091816274007,0.168086591529395,0.118773997691228,0.0467151682122341,0.278560441115907,0.388323912943403,0.211259260906702,0.321989463068167,0.11991748658369,0.22152474484102,-0.041606104474108,0.137453924595851
0.0855474488557931,0.199563323487253,-0.165024060981741,-0.0411536209322688,-0.141197210294786,0.204493381673753,0.184302953498507,0.139178279669213,-0.680897372469134,0.0498508444249926,0.192836603183025,0.112979099887636,0.204596424774661,0.192072973723501,0.0399596979898468,0.190700610879232,0.141802278042031
0.139178888159604,0.176091372771443,-0.213191068659686,0.0297186815204604,-0.0461030468777442,0.0717188339925925,0.0265638280697013,0.0543955215842776,-0.975831584211329,-0.0401344172931064,0.041069190819367,0.0623801870767755,0.119028023557412,-0.0729647770870823,0.192984018412665,-0.169456376191531,0.0630823797333659
0.114801077301478,0.0387867193995755,0.0878961781767574,0.0222143782038969,-0.143480626711253,-0.0147974587567523,-0.15584317656417,-0.0884675443686873,-0.0131648762848243,0.252959197270073,0.119354565623103,-0.0593901077652536,-0.137160971633001,0.0794759469180516,0.168075668967202,0.074178430230872,0.198595724659956
0.283820459388355,0.249388280621728,-0.15991123465451,-0.0242661247541078,-0.0110540621115792,0.210684638514743,0.220485843915477,0.174375076516622,-0.860932805044852,-0.0179775536204838,0.0979023026208676,0.0675453204794718,0.229592188950112,0.164576801289889,-0.0856717956712305,0.234070416327079,-0.022610386331475
-0.0218165446840348,0.129103349976633,-0.0582569713522814,-0.0962009779262393,0.105931977388933,0.0763292496240199,-0.0453572792890246,-0.00988006718184373,-0.0334019751607777,0.192146006505732,0.256074719150547,0.174726060310252,0.286130483235081,0.029730625036329,-0.00870572216637843,0.0602800948766057,0.0504037009190545
0.036179900808974,0.020370990550531,0.00836457368942127,-0.280789392435483,-0.185307222138746,0.0991808335575168,-0.0510845994616068,0.022162000656711,0.243157989994774,-0.135154119668212,-0.140528925965481,-0.10426897003931,-0.0544232955740458,-0.0100845352257483,0.0870845434966122,-0.175598381993879,-0.257924032404669
0.094399303797901,0.112851400314139,-0.00819997052349297,0.193449670222486,0.228504872585429,0.0136334752425774,-0.0304374283152301,-0.0158597634610566,-0.0746659245822751,0.11649621373242,0.209035331236969,0.115845837252169,0.145369582302089,-0.0201342665358983,0.114090339096072,0.0576945519971152,0.164192244681676
0.0911811428470864,-0.109028317435879,-0.146711479842804,0.0669329662920308,0.331086051002199,-0.0221948370574539,-0.0873662087255718,-0.138459784803906,-0.253233543056624,0.0017899671102716,0.166870578654319,-0.0235524200036886,0.09381439000985,-0.0879815870286413,0.00729781823112142,-0.379173131044311,0.00323487247111845
